ID,species,trait_name,value
ARDICO01,Ardisia colorata,lamina_SLA,149.411126854086
ARDICO02,Ardisia colorata,lamina_SLA,133.755650116212
ARDICO03,Ardisia colorata,lamina_SLA,139.006319837357
ARDICO04,Ardisia colorata,lamina_SLA,133.158585412894
ARDICO05,Ardisia colorata,lamina_SLA,130.998616498897
ARDICO06,Ardisia colorata,lamina_SLA,145.884121005615
ARDICO07,Ardisia colorata,lamina_SLA,110.790397934959
ARDITY01,Ardisia teysmanniana,lamina_SLA,117.356401386135
ARDITY02,Ardisia teysmanniana,lamina_SLA,147.278159695925
ARDITY03,Ardisia teysmanniana,lamina_SLA,150.615417645777
ARDITY04,Ardisia teysmanniana,lamina_SLA,133.056306428838
ARDITY05,Ardisia teysmanniana,lamina_SLA,122.745712330974
ARDITY06,Ardisia teysmanniana,lamina_SLA,130.960045670901
BACCSU01,Baccaurea sumatrana,lamina_SLA,182.498100188647
BACCSU02,Baccaurea sumatrana,lamina_SLA,131.528950447179
BACCSU03,Baccaurea sumatrana,lamina_SLA,155.7272686407
CALOBM01,Calophyllum ferrugineum,lamina_SLA,102.957701728228
CALOBM02,Calophyllum ferrugineum,lamina_SLA,90.84585254652
CALOBM03,Calophyllum ferrugineum,lamina_SLA,91.3480539689934
CALOBM04,Calophyllum ferrugineum,lamina_SLA,93.4324029158645
CALOBM05,Calophyllum ferrugineum,lamina_SLA,92.3109563742336
CALOBM06,Calophyllum ferrugineum,lamina_SLA,95.8835490704721
CALOPC01,Calophyllum pulcherrimum,lamina_SLA,91.8885302802256
CALOPC02,Calophyllum pulcherrimum,lamina_SLA,111.170647893541
CALOPC03,Calophyllum pulcherrimum,lamina_SLA,119.256994449098
CALOPC04,Calophyllum pulcherrimum,lamina_SLA,130.039622249231
CALOPC05,Calophyllum pulcherrimum,lamina_SLA,95.1094238240178
CALOPC06,Calophyllum pulcherrimum,lamina_SLA,127.667492894672
CANAPA01,Canarium patentinervium,lamina_SLA,152.520013245238
CANAPA02,Canarium patentinervium,lamina_SLA,113.115264956911
CANAPA04,Canarium patentinervium,lamina_SLA,118.007581685937
DACRRO03,Dacryodes rostrata,lamina_SLA,144.387292628284
DACRRO04,Dacryodes rostrata,lamina_SLA,110.200001371976
DACRRO06,Dacryodes rostrata,lamina_SLA,130.828781371678
DACRRO07,Dacryodes rostrata,lamina_SLA,112.231661676249
DACRRO08,Dacryodes rostrata,lamina_SLA,134.140440716591
DIOSLA01,Diospyros lanceifolia,lamina_SLA,150.398879070689
DIOSLA02,Diospyros lanceifolia,lamina_SLA,116.716530270074
GIROPA01,Gironniera parvifolia,lamina_SLA,112.663292746045
GIROPA02,Gironniera parvifolia,lamina_SLA,142.336786709125
GIROPA03,Gironniera parvifolia,lamina_SLA,131.953624881299
GIROPA04,Gironniera parvifolia,lamina_SLA,116.989044167701
GIROPA05,Gironniera parvifolia,lamina_SLA,121.39147963359
GLUTWA01,Gluta wallichii,lamina_SLA,86.3705611580039
GLUTWA02,Gluta wallichii,lamina_SLA,112.048459832875
GLUTWA03,Gluta wallichii,lamina_SLA,117.90585186921
GOM1QU01,Gomphandra quadrifida,lamina_SLA,234.622658022359
GONYMA01,Gonystylus confusus,lamina_SLA,88.7548675712075
GONYMA03,Gonystylus confusus,lamina_SLA,110.792651202516
GONYMA04,Gonystylus confusus,lamina_SLA,100.927689802793
GONYMA05,Gonystylus confusus,lamina_SLA,95.8232480932138
GYNOAX02,Gynotroches axillaris,lamina_SLA,152.656998873606
GYNOAX03,Gynotroches axillaris,lamina_SLA,147.798052242339
GYNOAX04,Gynotroches axillaris,lamina_SLA,137.146192728193
GYNOAX05,Gynotroches axillaris,lamina_SLA,137.255960089507
GYNOAX06,Gynotroches axillaris,lamina_SLA,127.729395385939
LITSAC01,Litsea accedens,lamina_SLA,129.492896687152
LITSAC02,Litsea accedens,lamina_SLA,100.13568516208301
LITSAC03,Litsea accedens,lamina_SLA,101.131188427949
LITSAC04,Litsea accedens,lamina_SLA,133.782073693178
LITSAC06,Litsea accedens,lamina_SLA,120.685722778499
LITSAC07,Litsea accedens,lamina_SLA,116.231395640106
PALAKI01,Madhuca kingiana,lamina_SLA,86.189443899759
PALAKI02,Madhuca kingiana,lamina_SLA,81.2710508592253
PALAKI03,Madhuca kingiana,lamina_SLA,94.9601810491893
PALAKI04,Madhuca kingiana,lamina_SLA,79.2368334502773
PALAKI05,Madhuca kingiana,lamina_SLA,83.0813256265423
PIMEGR01,Pimelodendron griffithianum,lamina_SLA,151.884215327237
PIMEGR02,Pimelodendron griffithianum,lamina_SLA,112.204792771582
PIMEGR03,Pimelodendron griffithianum,lamina_SLA,151.087641002866
PIMEGR04,Pimelodendron griffithianum,lamina_SLA,125.024642194708
PIMEGR05,Pimelodendron griffithianum,lamina_SLA,151.451165945466
POPOTO04,Popowia tomentosa,lamina_SLA,166.696602621457
POPOTO05,Popowia tomentosa,lamina_SLA,142.573808679143
POPOTO06,Popowia tomentosa,lamina_SLA,174.444762132391
POPOTO07,Popowia tomentosa,lamina_SLA,175.375161450548
SANTAP01,Santiria apiculata,lamina_SLA,131.907484304636
SANTAP02,Santiria apiculata,lamina_SLA,131.349905687874
SANTAP03,Santiria apiculata,lamina_SLA,146.244707321605
SANTAP04,Santiria apiculata,lamina_SLA,132.326225034896
SHORCU01,Shorea curtisii,lamina_SLA,112.46077992548
SHORCU02,Shorea curtisii,lamina_SLA,129.164780782147
SHORCU03,Shorea curtisii,lamina_SLA,142.175284574835
SHORCU04,Shorea curtisii,lamina_SLA,142.964043607793
SHORCU05,Shorea curtisii,lamina_SLA,102.06158609419
STREEL04,Streblus elongatus,lamina_SLA,137.590386482369
STREEL05,Streblus elongatus,lamina_SLA,165.046155623177
STREEL06,Streblus elongatus,lamina_SLA,168.425835792688
STREEL07,Streblus elongatus,lamina_SLA,209.567648191479
STROCE01,Strombosia ceylanica,lamina_SLA,103.387470298072
STROCE02,Strombosia ceylanica,lamina_SLA,111.668790815531
STROCE03,Strombosia ceylanica,lamina_SLA,112.345216041345
STROCE04,Strombosia ceylanica,lamina_SLA,110.146024456981
STROCE05,Strombosia ceylanica,lamina_SLA,109.994022774062
CALOBM01,Calophyllum ferrugineum,lamina_ldmc,454.978873573856
CALOBM02,Calophyllum ferrugineum,lamina_ldmc,443.074451006552
CALOBM03,Calophyllum ferrugineum,lamina_ldmc,443.677216867373
CALOBM04,Calophyllum ferrugineum,lamina_ldmc,417.725517952977
CALOBM05,Calophyllum ferrugineum,lamina_ldmc,441.912941000002
CALOBM06,Calophyllum ferrugineum,lamina_ldmc,432.754082825575
BACCSU01,Baccaurea sumatrana,lamina_ldmc,245.646890997815
BACCSU02,Baccaurea sumatrana,lamina_ldmc,277.39512057122
BACCSU03,Baccaurea sumatrana,lamina_ldmc,269.932008178905
POPOTO04,Popowia tomentosa,lamina_ldmc,293.800916543291
POPOTO05,Popowia tomentosa,lamina_ldmc,343.855775760359
POPOTO06,Popowia tomentosa,lamina_ldmc,313.267930139114
POPOTO07,Popowia tomentosa,lamina_ldmc,306.265063644429
GYNOAX02,Gynotroches axillaris,lamina_ldmc,244.6778703928
GYNOAX03,Gynotroches axillaris,lamina_ldmc,270.498038694391
GYNOAX04,Gynotroches axillaris,lamina_ldmc,258.744672077389
GYNOAX05,Gynotroches axillaris,lamina_ldmc,263.211589296066
GYNOAX06,Gynotroches axillaris,lamina_ldmc,314.288321719011
GOM1QU01,Gomphandra quadrifida,lamina_ldmc,251.93094530704
GOM1QU02,Gomphandra quadrifida,lamina_ldmc,311.358985661942
GIROPA01,Gironniera parvifolia,lamina_ldmc,387.018646065558
GIROPA02,Gironniera parvifolia,lamina_ldmc,385.054901334603
GIROPA03,Gironniera parvifolia,lamina_ldmc,392.359653942866
GIROPA04,Gironniera parvifolia,lamina_ldmc,390.451396978175
GIROPA05,Gironniera parvifolia,lamina_ldmc,400.246457178065
PALAKI01,Madhuca kingiana,lamina_ldmc,359.704592927963
PALAKI02,Madhuca kingiana,lamina_ldmc,355.286549917166
PALAKI03,Madhuca kingiana,lamina_ldmc,370.11428166927
PALAKI04,Madhuca kingiana,lamina_ldmc,392.183325477388
PALAKI05,Madhuca kingiana,lamina_ldmc,362.68811369395
STREEL04,Streblus elongatus,lamina_ldmc,342.809601404037
STREEL05,Streblus elongatus,lamina_ldmc,337.671694413786
STREEL06,Streblus elongatus,lamina_ldmc,358.054537196728
STREEL07,Streblus elongatus,lamina_ldmc,285.264948664084
SHORCU01,Shorea curtisii,lamina_ldmc,429.080567810747
SHORCU02,Shorea curtisii,lamina_ldmc,417.029287109907
SHORCU03,Shorea curtisii,lamina_ldmc,398.185727648041
SHORCU04,Shorea curtisii,lamina_ldmc,383.075331725546
SHORCU05,Shorea curtisii,lamina_ldmc,435.475838133163
LITSAC01,Litsea accedens,lamina_ldmc,376.718798534306
LITSAC02,Litsea accedens,lamina_ldmc,367.006465279266
LITSAC03,Litsea accedens,lamina_ldmc,376.611624571632
LITSAC04,Litsea accedens,lamina_ldmc,335.355291828682
LITSAC06,Litsea accedens,lamina_ldmc,363.797969735314
LITSAC07,Litsea accedens,lamina_ldmc,346.764025702989
ARDICO02,Ardisia colorata,lamina_ldmc,351.201251710709
ARDICO03,Ardisia colorata,lamina_ldmc,295.662716027919
ARDICO04,Ardisia colorata,lamina_ldmc,286.610154930309
ARDICO05,Ardisia colorata,lamina_ldmc,294.940867873592
ARDICO06,Ardisia colorata,lamina_ldmc,283.987961966791
ARDICO07,Ardisia colorata,lamina_ldmc,314.018313013595
GLUTWA01,Gluta wallichii,lamina_ldmc,382.354908245733
GLUTWA02,Gluta wallichii,lamina_ldmc,426.049496451241
GLUTWA03,Gluta wallichii,lamina_ldmc,419.310793419755
STROCE01,Strombosia ceylanica,lamina_ldmc,370.770432173918
STROCE02,Strombosia ceylanica,lamina_ldmc,311.852996526761
STROCE03,Strombosia ceylanica,lamina_ldmc,345.979058539459
STROCE04,Strombosia ceylanica,lamina_ldmc,350.068229691306
STROCE05,Strombosia ceylanica,lamina_ldmc,372.418021704777
GONYMA01,Gonystylus confusus,lamina_ldmc,396.175717436875
GONYMA02,Gonystylus confusus,lamina_ldmc,392.721601015364
GONYMA03,Gonystylus confusus,lamina_ldmc,378.602476915434
GONYMA04,Gonystylus confusus,lamina_ldmc,370.92254619129
GONYMA05,Gonystylus confusus,lamina_ldmc,382.085730600916
DIOSLA01,Diospyros lanceifolia,lamina_ldmc,414.724375752914
DIOSLA02,Diospyros lanceifolia,lamina_ldmc,414.683999854315
CALOPC01,Calophyllum pulcherrimum,lamina_ldmc,534.748247375835
CALOPC02,Calophyllum pulcherrimum,lamina_ldmc,485.954560013008
CALOPC03,Calophyllum pulcherrimum,lamina_ldmc,481.778120468655
CALOPC04,Calophyllum pulcherrimum,lamina_ldmc,491.194026459591
CALOPC05,Calophyllum pulcherrimum,lamina_ldmc,508.262389595117
CALOPC06,Calophyllum pulcherrimum,lamina_ldmc,479.89361699457
PIMEGR01,Pimelodendron griffithianum,lamina_ldmc,368.345346872025
PIMEGR02,Pimelodendron griffithianum,lamina_ldmc,375.029013688472
PIMEGR03,Pimelodendron griffithianum,lamina_ldmc,348.612590772411
PIMEGR04,Pimelodendron griffithianum,lamina_ldmc,378.556349743557
PIMEGR05,Pimelodendron griffithianum,lamina_ldmc,372.18097205733
ARDITY01,Ardisia teysmanniana,lamina_ldmc,346.792364788617
ARDITY02,Ardisia teysmanniana,lamina_ldmc,311.550812797815
ARDITY03,Ardisia teysmanniana,lamina_ldmc,313.580773306499
ARDITY04,Ardisia teysmanniana,lamina_ldmc,331.485790918703
ARDITY05,Ardisia teysmanniana,lamina_ldmc,340.74532654831
ARDITY06,Ardisia teysmanniana,lamina_ldmc,299.534673536607
DACRRO03,Dacryodes rostrata,lamina_ldmc,507.310551509712
DACRRO04,Dacryodes rostrata,lamina_ldmc,450.363905404954
DACRRO06,Dacryodes rostrata,lamina_ldmc,481.774600250675
DACRRO07,Dacryodes rostrata,lamina_ldmc,530.323529020882
DACRRO08,Dacryodes rostrata,lamina_ldmc,490.314660132042
CANAPA01,Canarium patentinervium,lamina_ldmc,383.090612720236
CANAPA02,Canarium patentinervium,lamina_ldmc,452.262358323985
CANAPA03,Canarium patentinervium,lamina_ldmc,452.966475797886
CANAPA04,Canarium patentinervium,lamina_ldmc,460.848107007806
SANTAP01,Santiria apiculata,lamina_ldmc,349.646613378329
SANTAP02,Santiria apiculata,lamina_ldmc,342.20080861007
SANTAP03,Santiria apiculata,lamina_ldmc,351.177662737133
SANTAP04,Santiria apiculata,lamina_ldmc,387.43652589559
CALOPC02,Calophyllum pulcherrimum,K,0.44695348932701
CALOPC02,Calophyllum pulcherrimum,P,0.0248038390492719
CALOPC02,Calophyllum pulcherrimum,N,1.28557825088501
CALOPC02,Calophyllum pulcherrimum,C,48.5971641540527
CALOPC02,Calophyllum pulcherrimum,S,0.0842432603240013
CALOPC01,Calophyllum pulcherrimum,K,0.178382872523729
CALOPC01,Calophyllum pulcherrimum,P,0.0284981101513798
CALOPC01,Calophyllum pulcherrimum,N,1.27462804317474
CALOPC01,Calophyllum pulcherrimum,C,49.9133605957031
CALOPC01,Calophyllum pulcherrimum,S,0
CALOPC04,Calophyllum pulcherrimum,K,0.38684538895299603
CALOPC04,Calophyllum pulcherrimum,P,0.0377209522919976
CALOPC04,Calophyllum pulcherrimum,N,1.33923554420471
CALOPC04,Calophyllum pulcherrimum,C,49.0994415283203
CALOPC04,Calophyllum pulcherrimum,S,0
CALOBM01,Calophyllum ferrugineum,K,0.376383776465282
CALOBM01,Calophyllum ferrugineum,P,0.0254266940914561
CALOBM01,Calophyllum ferrugineum,N,1.21733522415161
CALOBM01,Calophyllum ferrugineum,C,47.2940559387207
CALOBM01,Calophyllum ferrugineum,S,0
CALOBM02,Calophyllum ferrugineum,K,0.320324953833367
CALOBM02,Calophyllum ferrugineum,P,0.0166923814609379
CALOBM02,Calophyllum ferrugineum,N,0.974095225334167
CALOBM02,Calophyllum ferrugineum,C,46.5592079162598
CALOBM02,Calophyllum ferrugineum,S,0
CALOBM03,Calophyllum ferrugineum,K,0.440347715965314
CALOBM03,Calophyllum ferrugineum,P,0.0284160075994312
CALOBM03,Calophyllum ferrugineum,N,1.08131837844849
CALOBM03,Calophyllum ferrugineum,C,46.8485908508301
CALOBM03,Calophyllum ferrugineum,S,0
CALOBM04,Calophyllum ferrugineum,K,0.282531251575726
CALOBM04,Calophyllum ferrugineum,P,0.025816781554488
CALOBM04,Calophyllum ferrugineum,N,1.02974724769592
CALOBM04,Calophyllum ferrugineum,C,46.3452262878418
CALOBM04,Calophyllum ferrugineum,S,0
CALOBM05,Calophyllum ferrugineum,K,0.326840962707845
CALOBM05,Calophyllum ferrugineum,P,0.0254024461192815
CALOBM05,Calophyllum ferrugineum,N,1.00755679607391
CALOBM05,Calophyllum ferrugineum,C,47.1738624572754
CALOBM05,Calophyllum ferrugineum,S,0
CANAPA01,Canarium patentinervium,K,0.652897734194882
CANAPA01,Canarium patentinervium,P,0.0699009060368426
CANAPA01,Canarium patentinervium,N,1.69652676582336
CANAPA01,Canarium patentinervium,C,46.2075538635254
CANAPA01,Canarium patentinervium,S,0
CANAPA02,Canarium patentinervium,K,0.50406968923541
CANAPA02,Canarium patentinervium,P,0.0603705717095682
CANAPA02,Canarium patentinervium,N,1.63395929336548
CANAPA02,Canarium patentinervium,C,46.5493087768555
CANAPA02,Canarium patentinervium,S,0.075767993927002
DACRRO03,Dacryodes rostrata,K,0.573889961104831
DACRRO03,Dacryodes rostrata,P,0.0404893466073997
DACRRO03,Dacryodes rostrata,N,1.49108171463013
DACRRO03,Dacryodes rostrata,C,41.6703224182129
DACRRO03,Dacryodes rostrata,S,0.0617517754435539
DACRRO04,Dacryodes rostrata,K,0.89440486218831
DACRRO04,Dacryodes rostrata,P,0.0449616251743999
DACRRO04,Dacryodes rostrata,N,1.52768349647522
DACRRO04,Dacryodes rostrata,C,43.341381072998
DACRRO04,Dacryodes rostrata,S,0
DACRRO06,Dacryodes rostrata,K,0.66518162262988
DACRRO06,Dacryodes rostrata,P,0.0666489106032398
DACRRO06,Dacryodes rostrata,N,1.59500110149384
DACRRO06,Dacryodes rostrata,C,38.482177734375
DACRRO06,Dacryodes rostrata,S,0
DACRRO07,Dacryodes rostrata,K,0.694549101853742
DACRRO07,Dacryodes rostrata,P,0.0442631814107411
DACRRO07,Dacryodes rostrata,N,1.54399085044861
DACRRO07,Dacryodes rostrata,C,40.7896919250488
DACRRO07,Dacryodes rostrata,S,0.0877586826682091
DACRRO08,Dacryodes rostrata,K,0.520722904136007
DACRRO08,Dacryodes rostrata,P,0.0489858707798527
DACRRO08,Dacryodes rostrata,N,1.4586930274963399
DACRRO08,Dacryodes rostrata,C,42.3603324890137
DACRRO08,Dacryodes rostrata,S,0
LITSAC06,Litsea accedens,K,0.976672201985557
LITSAC06,Litsea accedens,P,0.0551565421871319
LITSAC06,Litsea accedens,N,2.02951884269714
LITSAC06,Litsea accedens,C,45.7509155273438
LITSAC06,Litsea accedens,S,0.208137601613998
GIROPA05,Gironniera parvifolia,K,0.41874864059896
GIROPA05,Gironniera parvifolia,P,0.0375242361622141
GIROPA05,Gironniera parvifolia,N,2.45942330360413
GIROPA05,Gironniera parvifolia,C,40.236873626709
GIROPA05,Gironniera parvifolia,S,0
CALOPC05,Calophyllum pulcherrimum,K,0.226815727510303
CALOPC05,Calophyllum pulcherrimum,P,0.0302903045855866
CALOPC05,Calophyllum pulcherrimum,N,1.41616070270538
CALOPC05,Calophyllum pulcherrimum,C,49.5904922485352
CALOPC05,Calophyllum pulcherrimum,S,0
CALOPC06,Calophyllum pulcherrimum,K,0.23825596106139
CALOPC06,Calophyllum pulcherrimum,P,0.0263649794810922
CALOPC06,Calophyllum pulcherrimum,N,1.4125007390976
CALOPC06,Calophyllum pulcherrimum,C,49.21630859375
CALOPC06,Calophyllum pulcherrimum,S,0
PALAKI01,Madhuca kingiana,K,1.0987377711564
PALAKI01,Madhuca kingiana,P,0.0447104038502712
PALAKI01,Madhuca kingiana,N,1.68719720840454
PALAKI01,Madhuca kingiana,C,46.6683464050293
PALAKI01,Madhuca kingiana,S,0.214868247509003
PALAKI02,Madhuca kingiana,K,1.13973676556768
PALAKI02,Madhuca kingiana,P,0.0460689715203593
PALAKI02,Madhuca kingiana,N,1.36032116413116
PALAKI02,Madhuca kingiana,C,48.0639610290527
PALAKI02,Madhuca kingiana,S,0.0619021132588387
PALAKI03,Madhuca kingiana,K,1.15667372701589
PALAKI03,Madhuca kingiana,P,0.0309378076927471
PALAKI03,Madhuca kingiana,N,1.63330090045929
PALAKI03,Madhuca kingiana,C,45.2113952636719
PALAKI03,Madhuca kingiana,S,0.325103968381882
GOM1QU01,Gomphandra quadrifida,K,0.434115772375347
GOM1QU01,Gomphandra quadrifida,P,0.0604696187451803
GOM1QU01,Gomphandra quadrifida,N,3.23850584030151
GOM1QU01,Gomphandra quadrifida,C,37.322021484375
GOM1QU01,Gomphandra quadrifida,S,0.479439198970795
GOM1QU02,Gomphandra quadrifida,K,1.54820823891101
GOM1QU02,Gomphandra quadrifida,P,0.0452903644101229
GOM1QU02,Gomphandra quadrifida,N,3.42699718475342
GOM1QU02,Gomphandra quadrifida,C,45.4616584777832
GOM1QU02,Gomphandra quadrifida,S,0.0825832411646843
LITSAC01,Litsea accedens,K,1.0352211204592
LITSAC01,Litsea accedens,P,0.0918187474615291
LITSAC01,Litsea accedens,N,1.98717188835144
LITSAC01,Litsea accedens,C,46.241641998291
LITSAC01,Litsea accedens,S,0.137019321322441
LITSAC02,Litsea accedens,K,1.39873394926873
LITSAC02,Litsea accedens,P,0.059827123242197
LITSAC02,Litsea accedens,N,2.26094627380371
LITSAC02,Litsea accedens,C,46.9479560852051
LITSAC02,Litsea accedens,S,0.330627113580704
ARDICO02,Ardisia colorata,K,0.871533016909122
ARDICO02,Ardisia colorata,P,0.0601808359413837
ARDICO02,Ardisia colorata,N,1.56990683078766
ARDICO02,Ardisia colorata,C,47.1846733093262
ARDICO02,Ardisia colorata,S,0
ARDICO03,Ardisia colorata,K,1.27819026130318
ARDICO03,Ardisia colorata,P,0.0439601615485803
ARDICO03,Ardisia colorata,N,1.72179782390594
ARDICO03,Ardisia colorata,C,45.2729110717773
ARDICO03,Ardisia colorata,S,0
ARDICO04,Ardisia colorata,K,1.52032403645093
ARDICO04,Ardisia colorata,P,0.0436824631079706
ARDICO04,Ardisia colorata,N,1.94944834709167
ARDICO04,Ardisia colorata,C,46.4004936218262
ARDICO04,Ardisia colorata,S,0
ARDICO05,Ardisia colorata,K,0.967671326750108
ARDICO05,Ardisia colorata,P,0.037794668629743
ARDICO05,Ardisia colorata,N,1.60909152030945
ARDICO05,Ardisia colorata,C,47.1452484130859
ARDICO05,Ardisia colorata,S,0
ARDICO06,Ardisia colorata,K,1.00915811997289
ARDICO06,Ardisia colorata,P,0.0416811578000157
ARDICO06,Ardisia colorata,N,1.97852981090546
ARDICO06,Ardisia colorata,C,45.1226272583008
ARDICO06,Ardisia colorata,S,0
STROCE01,Strombosia ceylanica,K,0.591641567357388
STROCE01,Strombosia ceylanica,P,0.052040034038373
STROCE01,Strombosia ceylanica,N,2.46305131912231
STROCE01,Strombosia ceylanica,C,48.4854354858398
STROCE01,Strombosia ceylanica,S,0.665263056755066
STROCE02,Strombosia ceylanica,K,0.617701365698408
STROCE02,Strombosia ceylanica,P,0.0414125381779687
STROCE02,Strombosia ceylanica,N,2.36191320419312
STROCE02,Strombosia ceylanica,C,50.3064956665039
STROCE02,Strombosia ceylanica,S,0.671348750591278
STROCE03,Strombosia ceylanica,K,0.440576626780306
STROCE03,Strombosia ceylanica,P,0.0324385422224451
STROCE03,Strombosia ceylanica,N,2.23669934272766
STROCE03,Strombosia ceylanica,C,48.6683921813965
STROCE03,Strombosia ceylanica,S,0.340669542551041
STROCE04,Strombosia ceylanica,K,0.691708623794794
STROCE04,Strombosia ceylanica,P,0.0572755095444563
STROCE04,Strombosia ceylanica,N,2.2714512348175
STROCE04,Strombosia ceylanica,C,49.0740089416504
STROCE04,Strombosia ceylanica,S,0.478355497121811
STROCE05,Strombosia ceylanica,K,0.570212025122618
STROCE05,Strombosia ceylanica,P,0.0538762538226858
STROCE05,Strombosia ceylanica,N,2.59830355644226
STROCE05,Strombosia ceylanica,C,49.643138885498
STROCE05,Strombosia ceylanica,S,0.603283166885376
ARDITY01,Ardisia teysmanniana,K,1.29158528386145
ARDITY01,Ardisia teysmanniana,P,0.055250303207584
ARDITY01,Ardisia teysmanniana,N,2.18372654914856
ARDITY01,Ardisia teysmanniana,C,53.2623481750488
ARDITY01,Ardisia teysmanniana,S,0
ARDITY02,Ardisia teysmanniana,K,1.32382464868861
ARDITY02,Ardisia teysmanniana,P,0.0572912079847066
ARDITY02,Ardisia teysmanniana,N,2.27220153808594
ARDITY02,Ardisia teysmanniana,C,50.8614730834961
ARDITY02,Ardisia teysmanniana,S,0
ARDITY03,Ardisia teysmanniana,K,1.45296086090029
ARDITY03,Ardisia teysmanniana,P,0.0608027952096837
ARDITY03,Ardisia teysmanniana,N,2.01286268234253
ARDITY03,Ardisia teysmanniana,C,51.0406875610352
ARDITY03,Ardisia teysmanniana,S,0
ARDITY04,Ardisia teysmanniana,K,1.30417090298292
ARDITY04,Ardisia teysmanniana,P,0.0517233687149061
ARDITY04,Ardisia teysmanniana,N,2.05747890472412
ARDITY04,Ardisia teysmanniana,C,52.6593055725098
ARDITY04,Ardisia teysmanniana,S,0
ARDITY05,Ardisia teysmanniana,K,1.39650592236518
ARDITY05,Ardisia teysmanniana,P,0.0500824594375634
ARDITY05,Ardisia teysmanniana,N,1.80957531929016
ARDITY05,Ardisia teysmanniana,C,52.3926963806152
ARDITY05,Ardisia teysmanniana,S,0
SHORCU01,Shorea curtisii,K,0.564755028494563
SHORCU01,Shorea curtisii,P,0.0454075489744424
SHORCU01,Shorea curtisii,N,1.67400825023651
SHORCU01,Shorea curtisii,C,48.3132972717285
SHORCU01,Shorea curtisii,S,0.0930178165435791
SHORCU02,Shorea curtisii,K,0.465977874671656
SHORCU02,Shorea curtisii,P,0.0370618706596828
SHORCU02,Shorea curtisii,N,1.59984695911407
SHORCU02,Shorea curtisii,C,50.1989440917969
SHORCU02,Shorea curtisii,S,0
SHORCU03,Shorea curtisii,K,0.470994555848269
SHORCU03,Shorea curtisii,P,0.0384410286111781
SHORCU03,Shorea curtisii,N,1.84101045131683
SHORCU03,Shorea curtisii,C,49.0983238220215
SHORCU03,Shorea curtisii,S,0.097859188914299
SHORCU04,Shorea curtisii,K,0.451793099670697
SHORCU04,Shorea curtisii,P,0.0310126398908274
SHORCU04,Shorea curtisii,N,1.76172173023224
SHORCU04,Shorea curtisii,C,49.7487449645996
SHORCU04,Shorea curtisii,S,0.0806901454925537
SHORCU05,Shorea curtisii,K,0.51310776707926
SHORCU05,Shorea curtisii,P,0.0444678508131693
SHORCU05,Shorea curtisii,N,1.64107608795166
SHORCU05,Shorea curtisii,C,49.5416679382324
SHORCU05,Shorea curtisii,S,0.0895670726895332
CANAPA03,Canarium patentinervium,K,0.522704506605779
CANAPA03,Canarium patentinervium,P,0.0695463323654067
CANAPA03,Canarium patentinervium,N,2.01210260391235
CANAPA03,Canarium patentinervium,C,45.8147087097168
CANAPA03,Canarium patentinervium,S,0.090521328151226
CANAPA04,Canarium patentinervium,K,0.533118372719712
CANAPA04,Canarium patentinervium,P,0.07353568444216
CANAPA04,Canarium patentinervium,N,1.89474594593048
CANAPA04,Canarium patentinervium,C,46.9124603271484
CANAPA04,Canarium patentinervium,S,0
DIOSLA01,Diospyros lanceifolia,K,1.19776752243723
DIOSLA01,Diospyros lanceifolia,P,0.0536656227298461
DIOSLA01,Diospyros lanceifolia,N,2.52580499649048
DIOSLA01,Diospyros lanceifolia,C,48.2476921081543
DIOSLA01,Diospyros lanceifolia,S,0.224451795220375
DIOSLA02,Diospyros lanceifolia,K,0.594323573023727
DIOSLA02,Diospyros lanceifolia,P,0.0544773479424979
DIOSLA02,Diospyros lanceifolia,N,1.8840115070343
DIOSLA02,Diospyros lanceifolia,C,49.7310028076172
DIOSLA02,Diospyros lanceifolia,S,0.102161824703217
GLUTWA01,Gluta wallichii,K,0.53075054502173
GLUTWA01,Gluta wallichii,P,0.0636975311552106
GLUTWA01,Gluta wallichii,N,1.83633410930634
GLUTWA01,Gluta wallichii,C,44.5451812744141
GLUTWA01,Gluta wallichii,S,0.105623587965965
GLUTWA02,Gluta wallichii,K,0.461678939368467
GLUTWA02,Gluta wallichii,P,0.0666200623705556
GLUTWA02,Gluta wallichii,N,2.58189058303833
GLUTWA02,Gluta wallichii,C,44.3382301330566
GLUTWA02,Gluta wallichii,S,0.0860150381922722
GLUTWA03,Gluta wallichii,K,0.543993876996232
GLUTWA03,Gluta wallichii,P,0.0763089559571355
GLUTWA03,Gluta wallichii,N,2.37974858283997
GLUTWA03,Gluta wallichii,C,44.1949996948242
GLUTWA03,Gluta wallichii,S,0
BACCSU01,Baccaurea sumatrana,K,0.8322092081523
BACCSU01,Baccaurea sumatrana,P,0.0404917486305706
BACCSU01,Baccaurea sumatrana,N,1.8320072889328
BACCSU01,Baccaurea sumatrana,C,41.2012519836426
BACCSU01,Baccaurea sumatrana,S,0
BACCSU02,Baccaurea sumatrana,K,0.478037290234471
BACCSU02,Baccaurea sumatrana,P,0.0395498531584912
BACCSU02,Baccaurea sumatrana,N,1.8202223777771
BACCSU02,Baccaurea sumatrana,C,41.436695098877
BACCSU02,Baccaurea sumatrana,S,0.0863356813788414
BACCSU03,Baccaurea sumatrana,K,0.48918961324942
BACCSU03,Baccaurea sumatrana,P,0.032129582024354
BACCSU03,Baccaurea sumatrana,N,1.70336222648621
BACCSU03,Baccaurea sumatrana,C,41.1341819763184
BACCSU03,Baccaurea sumatrana,S,0
PALAKI04,Madhuca kingiana,K,0.97790762142519
PALAKI04,Madhuca kingiana,P,0.040641614550194
PALAKI04,Madhuca kingiana,N,1.71740818023682
PALAKI04,Madhuca kingiana,C,47.1437568664551
PALAKI04,Madhuca kingiana,S,0.197046101093292
PALAKI05,Madhuca kingiana,K,1.05807710785155
PALAKI05,Madhuca kingiana,P,0.0387127646889295
PALAKI05,Madhuca kingiana,N,1.68646109104156
PALAKI05,Madhuca kingiana,C,45.6821899414062
PALAKI05,Madhuca kingiana,S,0.244634434580803
SANTAP01,Santiria apiculata,K,1.10493990738651
SANTAP01,Santiria apiculata,P,0.0761217246977078
SANTAP01,Santiria apiculata,N,2.34495139122009
SANTAP01,Santiria apiculata,C,47.6646690368652
SANTAP01,Santiria apiculata,S,0.126005977392197
SANTAP02,Santiria apiculata,K,1.17743399741578
SANTAP02,Santiria apiculata,P,0.114048471029217
SANTAP02,Santiria apiculata,N,2.4322566986084
SANTAP02,Santiria apiculata,C,47.6784477233887
SANTAP02,Santiria apiculata,S,0.13110776245594
SANTAP03,Santiria apiculata,K,1.33935726906077
SANTAP03,Santiria apiculata,P,0.0795996800890397
SANTAP03,Santiria apiculata,N,2.3490879535675
SANTAP03,Santiria apiculata,C,48.2281379699707
SANTAP03,Santiria apiculata,S,0
SANTAP04,Santiria apiculata,K,1.29836909272236
SANTAP04,Santiria apiculata,P,0.0729510234136893
SANTAP04,Santiria apiculata,N,2.10796093940735
SANTAP04,Santiria apiculata,C,43.6156730651855
SANTAP04,Santiria apiculata,S,0.192260950803757
LITSAC07,Litsea accedens,K,1.46890222750536
LITSAC07,Litsea accedens,P,0.0671525040400686
LITSAC07,Litsea accedens,N,2.32598209381104
LITSAC07,Litsea accedens,C,45.7704315185547
LITSAC07,Litsea accedens,S,0.21660803258419
LITSAC03,Litsea accedens,K,1.10887533987616
LITSAC03,Litsea accedens,P,0.0710626508728788
LITSAC03,Litsea accedens,N,2.44595384597778
LITSAC03,Litsea accedens,C,46.3654975891113
LITSAC03,Litsea accedens,S,0.226815804839134
STREEL02,Streblus elongatus,K,1.66946749147073
STREEL02,Streblus elongatus,P,0.0885344559194019
STREEL02,Streblus elongatus,N,2.39120173454285
STREEL02,Streblus elongatus,C,42.7621116638184
STREEL02,Streblus elongatus,S,0
STREEL04,Streblus elongatus,K,1.5403954788062
STREEL04,Streblus elongatus,P,0.109204491427628
STREEL04,Streblus elongatus,N,2.71617484092712
STREEL04,Streblus elongatus,C,43.9637298583984
STREEL04,Streblus elongatus,S,0
STREEL05,Streblus elongatus,K,1.72523964795341
STREEL05,Streblus elongatus,P,0.0799063468950392
STREEL05,Streblus elongatus,N,2.62665295600891
STREEL05,Streblus elongatus,C,42.447811126709
STREEL05,Streblus elongatus,S,0
STREEL06,Streblus elongatus,K,1.52987997192744
STREEL06,Streblus elongatus,P,0.10681624543913
STREEL06,Streblus elongatus,N,2.69441246986389
STREEL06,Streblus elongatus,C,41.0651741027832
STREEL06,Streblus elongatus,S,0
STREEL07,Streblus elongatus,K,2.41854684030797
STREEL07,Streblus elongatus,P,0.101538058515306
STREEL07,Streblus elongatus,N,2.35455703735352
STREEL07,Streblus elongatus,C,43.3995628356934
STREEL07,Streblus elongatus,S,0
GYNOAX01,Gynotroches axillaris,K,0.78053211299408
GYNOAX01,Gynotroches axillaris,P,0.0496502064515222
GYNOAX01,Gynotroches axillaris,N,1.87883579730988
GYNOAX01,Gynotroches axillaris,C,43.5552520751953
GYNOAX01,Gynotroches axillaris,S,0.214726805686951
GYNOAX02,Gynotroches axillaris,K,0.712345209498566
GYNOAX02,Gynotroches axillaris,P,0.0577887949675398
GYNOAX02,Gynotroches axillaris,N,2.19155621528625
GYNOAX02,Gynotroches axillaris,C,43.0961151123047
GYNOAX02,Gynotroches axillaris,S,0.269096165895462
GYNOAX03,Gynotroches axillaris,K,0.69950818760094
GYNOAX03,Gynotroches axillaris,P,0.0656063258522267
GYNOAX03,Gynotroches axillaris,N,2.08893847465515
GYNOAX03,Gynotroches axillaris,C,44.0261001586914
GYNOAX03,Gynotroches axillaris,S,0.252979636192322
GYNOAX05,Gynotroches axillaris,K,1.07488008845086
GYNOAX05,Gynotroches axillaris,P,0.0644845097666087
GYNOAX05,Gynotroches axillaris,N,2.24845767021179
GYNOAX05,Gynotroches axillaris,C,45.2526359558105
GYNOAX05,Gynotroches axillaris,S,0.224523097276688
GYNOAX06,Gynotroches axillaris,K,0.854775770651949
GYNOAX06,Gynotroches axillaris,P,0.069147215261284
GYNOAX06,Gynotroches axillaris,N,2.33526206016541
GYNOAX06,Gynotroches axillaris,C,45.625
GYNOAX06,Gynotroches axillaris,S,0.21215133368969
GONYMA01,Gonystylus confusus,K,0.649672435170927
GONYMA01,Gonystylus confusus,P,0.0604565389689719
GONYMA01,Gonystylus confusus,N,1.76590764522552
GONYMA01,Gonystylus confusus,C,52.4191856384277
GONYMA01,Gonystylus confusus,S,0
GONYMA02,Gonystylus confusus,K,0.718550209780929
GONYMA02,Gonystylus confusus,P,0.0525226975602717
GONYMA02,Gonystylus confusus,N,1.69470822811127
GONYMA02,Gonystylus confusus,C,53.0509757995605
GONYMA02,Gonystylus confusus,S,0
GONYMA03,Gonystylus confusus,K,1.25145445985414
GONYMA03,Gonystylus confusus,P,0.0946573994737176
GONYMA03,Gonystylus confusus,N,1.8448520898819
GONYMA03,Gonystylus confusus,C,50.5705070495605
GONYMA03,Gonystylus confusus,S,0
GONYMA04,Gonystylus confusus,K,0.717805196204162
GONYMA04,Gonystylus confusus,P,0.0615381413855383
GONYMA04,Gonystylus confusus,N,1.8515750169754
GONYMA04,Gonystylus confusus,C,52.6525115966797
GONYMA04,Gonystylus confusus,S,0
GONYMA05,Gonystylus confusus,K,0.93580874079854
GONYMA05,Gonystylus confusus,P,0.0739820985386154
GONYMA05,Gonystylus confusus,N,1.77880668640137
GONYMA05,Gonystylus confusus,C,51.7215538024902
GONYMA05,Gonystylus confusus,S,0
POPOTO01,Popowia tomentosa,K,0.929080909673657
POPOTO01,Popowia tomentosa,P,0.0568780887074145
POPOTO01,Popowia tomentosa,N,2.19429731369019
POPOTO01,Popowia tomentosa,C,48.4654121398926
POPOTO01,Popowia tomentosa,S,0.412593334913254
POPOTO02,Popowia tomentosa,K,1.34761041380177
POPOTO02,Popowia tomentosa,P,0.0837519311959442
POPOTO02,Popowia tomentosa,N,2.68722462654114
POPOTO02,Popowia tomentosa,C,47.8503341674805
POPOTO02,Popowia tomentosa,S,0.253319412469864
POPOTO03,Popowia tomentosa,K,1.15436526818847
POPOTO03,Popowia tomentosa,P,0.0626036530808929
POPOTO03,Popowia tomentosa,N,2.18399739265442
POPOTO03,Popowia tomentosa,C,47.3699493408203
POPOTO03,Popowia tomentosa,S,0.338245540857315
POPOTO04,Popowia tomentosa,K,1.40716029463918
POPOTO04,Popowia tomentosa,P,0.0573077936873391
POPOTO04,Popowia tomentosa,N,2.07528471946716
POPOTO04,Popowia tomentosa,C,48.901237487793
POPOTO04,Popowia tomentosa,S,0.179495945572853
POPOTO05,Popowia tomentosa,K,0.98709054151456
POPOTO05,Popowia tomentosa,P,0.0769516396992704
POPOTO05,Popowia tomentosa,N,2.30082440376282
POPOTO05,Popowia tomentosa,C,47.7766418457031
POPOTO05,Popowia tomentosa,S,0.298679023981094
PIMEGR01,Pimelodendron griffithianum,K,0.318422495828483
PIMEGR01,Pimelodendron griffithianum,P,0.0558382826062269
PIMEGR01,Pimelodendron griffithianum,N,2.38470220565796
PIMEGR01,Pimelodendron griffithianum,C,49.2652359008789
PIMEGR01,Pimelodendron griffithianum,S,0.171480253338814
PIMEGR02,Pimelodendron griffithianum,K,0.464254236976225
PIMEGR02,Pimelodendron griffithianum,P,0.0633528753417765
PIMEGR02,Pimelodendron griffithianum,N,2.05317568778992
PIMEGR02,Pimelodendron griffithianum,C,47.6551742553711
PIMEGR02,Pimelodendron griffithianum,S,0.166672572493553
PIMEGR03,Pimelodendron griffithianum,K,0.413349242953562
PIMEGR03,Pimelodendron griffithianum,P,0.0803234434781726
PIMEGR03,Pimelodendron griffithianum,N,1.9818594455719
PIMEGR03,Pimelodendron griffithianum,C,47.8409271240234
PIMEGR03,Pimelodendron griffithianum,S,0.126296415925026
PIMEGR04,Pimelodendron griffithianum,K,0.595147286581049
PIMEGR04,Pimelodendron griffithianum,P,0.0697150439448019
PIMEGR04,Pimelodendron griffithianum,N,2.07854151725769
PIMEGR04,Pimelodendron griffithianum,C,49.0249061584473
PIMEGR04,Pimelodendron griffithianum,S,0.144675299525261
PIMEGR05,Pimelodendron griffithianum,K,0.624004358252527
PIMEGR05,Pimelodendron griffithianum,P,0.0864336230739921
PIMEGR05,Pimelodendron griffithianum,N,2.23550844192505
PIMEGR05,Pimelodendron griffithianum,C,48.5672492980957
PIMEGR05,Pimelodendron griffithianum,S,0.159320443868637
GIROPA01,Gironniera parvifolia,K,0.586717474793539
GIROPA01,Gironniera parvifolia,P,0.058539333255042
GIROPA01,Gironniera parvifolia,N,2.53648209571838
GIROPA01,Gironniera parvifolia,C,43.2993431091309
GIROPA01,Gironniera parvifolia,S,0
GIROPA02,Gironniera parvifolia,K,0.529974420073078
GIROPA02,Gironniera parvifolia,P,0.0491233217987779
GIROPA02,Gironniera parvifolia,N,2.32462096214294
GIROPA02,Gironniera parvifolia,C,39.6974945068359
GIROPA02,Gironniera parvifolia,S,0.0664059221744537
GIROPA03,Gironniera parvifolia,K,0.48329475411798
GIROPA03,Gironniera parvifolia,P,0.0501935617272564
GIROPA03,Gironniera parvifolia,N,2.45191025733948
GIROPA03,Gironniera parvifolia,C,42.7792625427246
GIROPA03,Gironniera parvifolia,S,0
GIROPA04,Gironniera parvifolia,K,0.695855043276158
GIROPA04,Gironniera parvifolia,P,0.0474338616854492
GIROPA04,Gironniera parvifolia,N,2.40657830238342
GIROPA04,Gironniera parvifolia,C,42.5075492858887
GIROPA04,Gironniera parvifolia,S,0
ARDICO02,Ardisia colorata,TWD,0.640358527131783
ARDICO06,Ardisia colorata,TWD,0.669040920716112
ARDICO07,Ardisia colorata,TWD,0.582064128256513
BACCSU01,Baccaurea sumatrana,TWD,0.68638956805216
BACCSU02,Baccaurea sumatrana,TWD,0.676434494732004
CALOBM02,Calophyllum ferrugineum,TWD,0.771622536921691
CALOBM03,Calophyllum ferrugineum,TWD,0.835912965455361
CALOBM04,Calophyllum ferrugineum,TWD,0.793388157894737
CALOBM05,Calophyllum ferrugineum,TWD,0.727200358434308
CALOPC01,Calophyllum pulcherrimum,TWD,0.744051026757934
CALOPC02,Calophyllum pulcherrimum,TWD,0.644142928535732
CALOPC04,Calophyllum pulcherrimum,TWD,0.76281779661017
CALOPC05,Calophyllum pulcherrimum,TWD,0.69505016722408
CALOPC06,Calophyllum pulcherrimum,TWD,0.701545675692613
CANAPA04,Canarium patentinervium,TWD,0.55830258302583
DACRRO07,Dacryodes rostrata,TWD,0.590022637238257
DIOSLA02,Diospyros lanceifolia,TWD,0.569845132743363
GIROPA01,Gironniera parvifolia,TWD,0.67580922595778
GIROPA02,Gironniera parvifolia,TWD,0.671730648206419
GIROPA03,Gironniera parvifolia,TWD,0.74004222972973
GIROPA04,Gironniera parvifolia,TWD,0.603037779491133
GIROPA05,Gironniera parvifolia,TWD,0.650252270433905
GLUTWA01,Gluta wallichii,TWD,0.63361182136729
GLUTWA02,Gluta wallichii,TWD,0.632282333051564
GLUTWA03,Gluta wallichii,TWD,0.549481460023175
GOM1QU01,Gomphandra quadrifida,TWD,0.71901768172888
GOM1QU02,Gomphandra quadrifida,TWD,0.620666666666667
GONYMA01,Gonystylus confusus,TWD,0.743768041237113
GONYMA02,Gonystylus confusus,TWD,0.642231736070283
GONYMA03,Gonystylus confusus,TWD,0.690154100165107
GONYMA04,Gonystylus confusus,TWD,0.564557069846678
GONYMA05,Gonystylus confusus,TWD,0.689853264856933
GYNOAX01,Gynotroches axillaris,TWD,0.717821567778259
GYNOAX02,Gynotroches axillaris,TWD,0.673617424242424
GYNOAX03,Gynotroches axillaris,TWD,0.698856812933025
GYNOAX04,Gynotroches axillaris,TWD,0.639969683120049
GYNOAX05,Gynotroches axillaris,TWD,0.696529187817259
GYNOAX06,Gynotroches axillaris,TWD,0.696764705882353
LITSAC01,Litsea accedens,TWD,0.682639019792649
LITSAC05,Litsea accedens,TWD,0.594632258064516
LITSAC07,Litsea accedens,TWD,0.607040878584503
PALAKI01,Madhuca kingiana,TWD,0.623483226266952
PALAKI02,Madhuca kingiana,TWD,0.627163763066202
PALAKI03,Madhuca kingiana,TWD,0.636695205479452
PALAKI04,Madhuca kingiana,TWD,0.691028433151845
PALAKI05,Madhuca kingiana,TWD,0.64813025210084
PIMEGR01,Pimelodendron griffithianum,TWD,0.544386664510565
PIMEGR02,Pimelodendron griffithianum,TWD,0.547669270833333
PIMEGR03,Pimelodendron griffithianum,TWD,0.540342391304348
PIMEGR04,Pimelodendron griffithianum,TWD,0.604332220367279
PIMEGR05,Pimelodendron griffithianum,TWD,0.526538461538462
POPOTO03,Popowia tomentosa,TWD,0.653950310559006
POPOTO04,Popowia tomentosa,TWD,0.662829268292683
POPOTO05,Popowia tomentosa,TWD,0.680440528634361
SANTAP01,Santiria apiculata,TWD,0.596040471908801
SANTAP02,Santiria apiculata,TWD,0.59499739945126
SANTAP03,Santiria apiculata,TWD,0.56523071741327
SANTAP04,Santiria apiculata,TWD,0.681389496717724
SHORCU01,Shorea curtisii,TWD,0.511757536882617
SHORCU02,Shorea curtisii,TWD,0.559070376432079
SHORCU04,Shorea curtisii,TWD,0.399997613365155
SHORCU05,Shorea curtisii,TWD,0.517215667767815
STREEL04,Streblus elongatus,TWD,0.742586133560187
STREEL05,Streblus elongatus,TWD,0.657058185760752
STREEL06,Streblus elongatus,TWD,0.674863582443654
STREEL07,Streblus elongatus,TWD,0.749430501930502
STROCE02,Strombosia ceylanica,TWD,0.780147471910112
STROCE03,Strombosia ceylanica,TWD,0.76783930508217
STROCE04,Strombosia ceylanica,TWD,0.778414232118089
STROCE05,Strombosia ceylanica,TWD,0.786905797101449
