species,Al_sen,Ca_sen,Mg_sen,K_sen,Fe_sen,Mn_sen,P_sen,Si_sen,Al_fre,Ca_fre,Mg_fre,K_fre,Fe_fre,Mn_fre,P_fre,Si_fre,C_sen,N_sen,CNR_sen,C_fre,N_fre,CNR_fre,SLA,LDMC,LA,LT,SAV,FMC,DW_fre,DW_sen,Al_res,Ca_res,Mg_res,K_res,Fe_res,Mn_res,P_res,Si_res,N_res,Tpyr_sen,Tpyr_sd_sen,Tsmo_sen,Tsmo_sd_sen,rate_sen,rate_sd_sen,Tmax_sen,Tmax_sd_sen,Tcum_sen,Tcum_sd_sen,tpyr_sen,tpyr_sd_sen,tsmo_sen,tsmo_sd_sen,dpyr_sen,dpyr_sd_sen,dsmo_sen,dsmo_sd_sen,fla_PC1_sen,fla_PC2_sen,Tpyr_fre,Tpyr_sd_fre,Tsmo_fre,Tsmo_sd_fre,rate_fre,rate_sd_fre,Tmax_fre,Tmax_sd_fre,Tcum_fre,Tcum_sd_fre,tpyr_fre,tpyr_sd_fre,tsmo_fre,tsmo_sd_fre,dpyr_fre,dpyr_sd_fre,dsmo_fre,dsmo_sd_fre,fla_PC1_fre,fla_PC2_fre,decomp_k,decomp_coef,logk,logcoef,NPR_fre,NPR_sen
Alstonia pneumatophora,5.8182,16201.707,1821.6732,2079.0372,51.3961,47.8254,313.4534,2643.1039,NA,NA,NA,NA,NA,NA,NA,NA,48.12,0.81,59.40740741,NA,NA,NA,NA,NA,NA,NA,NA,NA,NA,0.3474,NA,NA,NA,NA,NA,NA,NA,NA,NA,36.01179921,24.99446695,8.206799214,6.397100435,5.218517951,2.048921936,99.64679921,22.01807174,11406.35392,3980.527349,5.699,3.684002805,1.098571429,0.559357625,57.592,16.23532828,21.744,13.63363015,0.077073193,-0.297772613,NA,NA,NA,NA,NA,NA,NA,NA,NA,NA,NA,NA,NA,NA,NA,NA,NA,NA,NA,NA,0.743676267,-0.296149464,-0.128616078,-0.351189253,NA,0.002584116
Archidendron clypearia,57.7544,4069.1543,840.1926,3178.3254,99.3479,116.7079,160.8003,3445.0227,29.99097824,2442.11595,1066.914948,6361.812204,48.21708901,52.05164308,621.3658613,680.8214809,51.29,1.686666667,30.40909091,49.57666667,2.413333333,20.54281768,146.0125983,429.5217284,12.64606667,0.147066667,13.22609473,1.587600873,0.086133333,0.0709,-0.58514657,-0.371553835,0.351777602,0.588762705,-0.696026699,-0.845613644,0.786982911,-3.165180424,0.424709859,49.977897,12.15549704,14.83047753,12.26816184,5.613409584,1.603883388,72.23123033,19.81482224,4394.129471,1796.326244,4.375,1.283201292,0.342,0.229499455,30.528,4.698822075,11.185,2.690977724,-0.209009364,0.073741401,22.68306251,9.466119434,6.241823205,4.122446016,1.012863468,0.598531618,35.16137164,8.188471169,4110.190554,1768.074245,17.245,2.550298688,1.297090909,0.600095402,37.15018182,6.237367134,15.265,2.571596391,-0.191809085,0.006759912,0.493790093,-0.705644765,-0.306457628,-1.222967959,0.003883917,0.010489201
Artocarpus kemando,74.9787,18005.1326,1475.2861,1951.474,105.286,42.5443,132.5906,20675.7617,410.0781281,5723.242749,1261.044505,11059.37462,277.5298815,18.90044495,745.5617222,13725.91691,43.7,0.713333333,61.26168224,46.17666667,1.763333333,26.18714556,133.311704,389.2754143,33.7804,0.2034,9.919320485,1.706338969,0.259933333,0.2774,0.804873713,-2.357365613,-0.24850509,0.81168857,0.595139547,-1.402225842,0.810209874,-0.60755053,0.568279589,11.04486363,7.205851772,4.615304046,3.12687555,3.152740017,1.894951292,50.49199972,23.38815695,7316.209284,3123.385781,4.062,1.770792666,2.146,0.76571245,44.276,11.49641413,11.487,6.898830899,0.075243003,0.171533836,8.21284313,4.770816102,6.344708084,3.138581782,1.21111768,0.369642914,30.25082965,7.976681819,4251.549781,1793.122086,7.590916667,3.795567809,3.711833333,1.257349726,37.15233333,6.145817444,17.88291667,4.850023101,-0.126079401,0.138433579,0.637670931,-0.44993291,-0.19540338,-0.597715026,0.002365107,0.005379969
Bhesa paniculata,1968.3352,18468.134,1202.3545,1612.4392,62.7013,117.0639,375.7942,2533.1762,54.10218822,11905.45682,1215.987184,7567.14868,29.43932039,27.41922032,658.0364433,788.4694612,45.16333333,1.731666667,26.08084697,43.80333333,1.59,27.54926625,82.11198853,363.2578955,109.7504667,0.255366667,7.847652508,1.902083734,1.345,1.5642,-41.31109115,-0.804043271,-0.149935636,0.752188716,-1.476958683,-3.965213009,0.335843964,-2.736375531,-0.266593252,20.74711541,15.55213812,3.398125142,0.335974131,4.296166314,1.771610719,65.35018431,24.04305922,6757.067323,2622.721751,5.781,2.130385724,2.066,0.902886728,53.146,10.17892834,24.556,20.21441741,0.159907615,0.056895728,21.31336788,15.04067444,4.101451375,2.670191693,1.313254767,0.810764543,39.0605901,14.1461673,5599.826513,2682.470109,27.17969231,13.43396513,9.316461538,2.760853238,50.37861538,9.861082222,41.48392308,9.482192947,0.049350504,-0.194645642,1.378783301,0.321201444,0.139496015,0.278541508,0.00241628,0.004608019
Calophyllum tetrapterum,53.5077,4278.3528,1022.8749,3656.8991,50.2627,40.4187,181.2045,134.9132,376.5733335,2829.383039,1230.605138,2460.335931,295.7624759,23.29136917,367.3079712,1121.052718,50.31,0.933333333,53.90357143,49.37,1.166666667,42.31714286,110.0317918,471.5223332,11.40842727,0.189569697,10.62105625,1.2676311,0.102590909,0.1254,0.826317773,-0.84830444,-0.015997071,-0.816800441,0.792273741,-1.121172462,0.396986155,0.852898512,0.022135578,51.43410861,7.697916971,10.22249113,4.918524664,5.382684081,1.82008686,74.66410861,29.07563895,5506.869596,2789.626337,6.282,1.030531686,0.807777778,0.242475657,41.46,19.35772599,14.629,19.2933883,-0.071743,-0.039416856,19.51765201,9.155361357,11.3806484,7.771511755,1.648776073,1.006411668,37.48431867,5.362971341,4754.146398,2390.482266,13.7122,3.960913048,3.6874,1.192033185,48.71733333,7.224839174,23.74106667,3.725756711,-0.1210695,-0.126745519,0.488760757,-0.715882159,-0.310903672,-1.258366195,0.003176263,0.005150718
Campnosperma auriculatum,37.9954,10804.7103,1492.3908,1415.4231,66.3558,77.4375,104.008,3618.8305,32.0872902,7403.381384,1098.560097,5078.045443,36.91609377,46.48611674,575.5357833,1471.697848,46.98666667,0.583333333,80.54857143,47.90333333,1.533333333,31.24130435,72.17887605,384.1138613,443.3254111,0.258207407,7.981909102,1.676567975,6.466666667,7.60875,-0.393255668,-0.717180088,-0.598422494,0.672038748,-1.114929956,-0.960021768,0.787368671,-1.893226449,0.552376317,15.13824911,10.14944372,5.134860678,5.973437656,1.724008594,0.698721396,38.47993174,10.00860193,3663.295505,1133.905726,4.2041,1.882393893,0.7026,0.285315498,94.1424,14.81131925,29.1518,7.133957991,0.219671717,0.414353161,5.708392103,4.008048407,1.252953617,1.42874551,0.74252554,0.273391165,41.97204219,15.54810959,4588.153596,1788.372009,16.95764706,8.911409323,6.873470588,2.706017164,133.9418235,23.86446745,78.46141176,17.46549568,0.3843267,0.088307755,NA,NA,NA,NA,0.002664184,0.005608543
Campnosperma squamatum,69.4272,14581.6957,1549.952,1790.6405,69.2662,110.1712,115.9122,4757.7671,46.66072195,7742.646356,1116.639728,6472.640603,63.88970822,25.80046276,544.5299478,2349.404499,46.336,0.562,82.44839858,46.17333333,1.383333333,33.37831325,81.67214184,397.1042311,75.6836,0.259622222,7.84022661,1.613496576,1.028066667,1.2029,-0.740950581,-1.203570016,-0.624102446,0.676305622,-0.268524047,-3.996303723,0.750933323,-1.369483177,0.524645379,24.68335754,17.14475037,2.481444396,2.313204598,4.349271106,1.528662641,66.28799526,27.89331949,6740.960748,4484.224885,5.4935,3.498087109,2.0955,0.887269466,57.696,11.3246389,16.655,3.792274002,0.146133622,0.070598617,8.724596774,10.9006593,9.842597692,8.289416309,1.394547699,0.888177725,35.99299519,9.882272379,4338.30649,1716.722563,7.333,3.054656009,9.0339,2.566826162,73.823,10.40175501,38.8634,7.668019405,0.048606291,0.003222844,0.655357412,-0.422574524,-0.183521784,-0.549175891,0.002540417,0.004848497
Diospyros maingayi,1.6021,7528.6799,1136.6674,3444.9915,27.8259,237.7095,117.566,551.7526,2.195803951,2044.998614,1499.450205,3505.144943,18.60538656,28.31666518,485.8163432,312.7268564,50.848,0.66,77.04242424,51.06333333,1.193333333,42.79050279,54.65320894,463.4019973,43.02633333,0.340266667,5.957047686,1.19889035,0.800733333,0.8624,0.214191182,-2.965031614,0.183563906,-0.058529616,-0.610761951,-8.041183271,0.739366365,-0.900203217,0.404333737,42.04600704,19.16423998,7.635026162,4.534799505,4.551812988,1.289109887,75.02378481,21.13715233,6198.416887,2399.630481,9.435,4.352167404,1.479,0.399122649,73.897,11.81432469,25.697,5.096622084,0.135738992,-0.102848312,15.27537805,9.990099417,10.07093301,4.077964266,0.915241348,0.477981185,38.31347329,8.403495425,3945.89788,1323.361238,22.14366667,7.115229388,7.2476,1.70558058,81.76513333,13.12460993,42.22866667,7.406933505,0.079212206,-0.089629565,0.705767175,-0.348469876,-0.151338544,-0.428431646,0.002456347,0.005613868
Gironniera nervosa,99.1534,6337.9959,876.6279,770.7902,173.6354,73.1417,240.5533,46240.279,91.01529654,5150.122518,1119.41464,3242.170298,115.6098415,43.34866267,575.3162065,28158.76248,40.126,1.662,24.14320096,43.20333333,2.393333333,18.05153203,137.027919,427.6650053,49.9386,0.240161111,8.567463681,1.566186506,0.375133333,0.4416,-0.282438747,-0.448697804,0.078134176,0.720138105,-0.768018784,-0.986244717,0.507792622,-0.933082058,0.182531101,46.65254086,16.93838557,16.91032166,14.48201426,5.429710425,3.634701653,60.29754086,17.21135103,8613.119598,1692.023524,5.708,1.724289226,0.877,0.488945578,21.523,4.420854744,6.406,1.263251536,-0.264857228,-0.134568573,20.86054305,2.259386832,6.577209722,1.413262276,1.906316689,0.789406351,27.92720972,5.2345869,3779.150446,1031.21624,16.5411,4.695659283,5.4295,2.132592593,32.6698,8.657471158,12.3775,2.992483927,-0.211387628,0.032817451,0.501128893,-0.690891939,-0.300050557,-1.174064352,0.004160031,0.006909072
Gluta wallichii,7.2715,14958.3965,1646.4306,1392.3855,53.2607,39.5807,104.3644,9884.8884,36.80257201,7667.192307,1180.903522,4838.987824,36.56610448,12.76075189,503.7344421,7604.695056,44.6675,0.6425,69.52140078,45.72666667,1.54,29.69264069,97.61204165,390.4244529,106.8790111,0.228045833,8.824517329,1.694610059,1.12715,0.9254,0.837784027,-0.601756387,-0.144660749,0.763760376,-0.195847924,-1.546566289,0.829902271,-0.06718017,0.657468757,29.93594398,20.19802652,11.30297301,5.919386909,5.855734333,1.965572092,88.13927731,20.274479,7308.276297,1760.171778,3.476,2.177333742,0.677142857,0.404792716,39.489,13.55898919,13.363,3.219734461,-0.082085179,-0.07353814,9.481947918,5.016382419,6.711512085,4.264364807,1.051983765,0.563178624,33.37268827,8.705053604,4179.665784,1895.392442,13.4801,5.212799897,6.7622,2.136046285,66.8208,14.40217218,36.9242,8.577074142,0.0615508,0.028913955,0.693893852,-0.365436282,-0.158706961,-0.454817574,0.003057166,0.006156314
Horsfieldia crassifolia,3.6749,10324.924,661.5669,3916.1663,5.8079,390.5317,248.1185,581.934,45.2498605,14795.36257,1972.660538,4384.406781,111.6010159,196.9676461,549.9380994,707.0827999,47.75,0.65,73.46153846,47.83333333,1.336666667,35.78553616,56.89405361,350.6168794,128.4202667,0.457444444,4.424770077,2.030872532,2.201666667,2.011,0.925819666,0.36258577,0.693675372,0.184149116,0.95246522,-0.811014387,0.587896938,0.2482664,0.555828446,50.86697806,24.30033383,6.828941434,3.865722928,4.315390305,0.859921496,83.53864472,25.15895536,8282.662327,3586.686615,10.809,2.917314023,1.43,0.996326586,80.99,21.63333847,24.973,7.241115706,0.158412464,-0.235485335,9.229387734,4.50166719,6.045841894,2.962347826,1.046426625,0.443123484,38.22692678,7.595406539,4744.570955,1897.794482,19.97173333,3.975977444,16.58306667,2.369669521,124.9380667,19.86795417,63.32866667,10.68218029,0.260406923,-0.103499703,0.51224655,-0.668949226,-0.290520958,-1.105483521,0.002430577,0.002619716
Lithocarpus ewyckii,1031.02,3708.7035,438.4304,1450.3402,86.2632,114.3781,218.0168,484.5642,1496.839709,4690.98199,855.0449741,5062.304165,137.3649352,143.0066137,598.8529568,364.387181,51.056,1.33,38.38796992,49.17666667,1.73,28.42581888,121.5880665,483.6411606,27.19033333,0.168844444,12.87912137,1.117724544,0.229533333,0.2209,0.337109575,0.239133784,0.50652898,0.724277885,0.395634547,0.230273024,0.649635807,-0.279788452,0.260129877,29.49490849,14.58056162,9.493812096,9.879442954,4.090690935,2.133296063,49.76157516,19.43202856,4265.276958,1999.381801,3.752,1.050204213,0.576666667,0.305327693,41.832,7.554712731,13.615,3.082121383,-0.073769912,0.229364041,14.56755327,6.513554066,3.564444026,2.273338817,1.493065743,0.433577033,34.57125698,6.455677941,3493.241528,1737.928001,12.21727273,2.840690271,3.049636364,0.781769822,40.74336364,10.34057443,24.31863636,5.692790287,-0.081048167,0.121224028,0.549435744,-0.598863446,-0.26008309,-0.913453377,0.002888856,0.006100447
Lophopetalum multinervium,1.6402,9361.973,1058.6351,2692.9002,28.6617,92.1959,299.2444,631.824,5.161807372,10546.95551,1224.487419,5326.645166,31.28971204,28.79425972,681.3675374,1058.249271,48.526,0.962,50.44282744,46.90333333,1.726666667,27.16409266,82.21149464,350.095642,248.1703333,0.274666667,7.2991236,2.003864152,3.034066667,1.6603,0.826117265,0.514262404,0.526899496,0.723351742,0.49874141,-0.752133282,0.759671076,0.673284612,0.695120646,22.83317183,17.89094033,10.61857965,3.875178682,3.982517628,1.257293176,95.33055297,22.84107028,8170.726423,3555.534172,8.098888889,2.639234948,2.158888889,0.703747903,78.85777778,12.15556331,21.80777778,3.776426147,0.163655707,-0.193292266,8.300906,6.096561086,3.254301103,1.625094309,0.5731455,0.189430806,28.98940904,5.530048912,3763.489683,1357.404192,23.0112,11.34399971,7.2728,2.67698469,80.22166667,15.46523654,51.25246667,14.32828968,0.199910679,0.12666495,0.513218642,-0.667053323,-0.289697577,-1.09977293,0.002534119,0.003214764
Mussaendopsis beccariana,26.4805,6981.7206,1229.6769,6549.0922,77.9564,23.4544,184.1922,336.2181,49.94728151,5136.977445,1402.507065,12436.96257,53.96512994,9.850807813,363.9939769,383.4304098,47.60666667,0.696666667,68.33492823,47.95333333,1.023333333,46.85993485,61.02002018,413.5332556,161.5693333,0.3,6.713668557,1.571289118,2.596666667,2.5789,0.473458478,-0.349811442,0.1292284,0.477020005,-0.434685957,-1.364671301,0.497431416,0.129130993,0.323876221,29.50444231,17.63366456,11.50150554,6.989262165,5.628663479,2.537671188,81.27110897,31.33452233,7418.521162,2302.596397,3.403,1.346667079,0.958888889,0.394412362,46.096,9.513328895,17.88,4.548098504,-0.020921192,-0.079845598,4.51443305,3.395593683,5.50278357,4.28273485,0.865096928,0.380230602,31.70388349,8.373029466,3622.552,1235.037583,10.2682,3.348416509,9.62455,2.945945983,77.5765,5.556132804,42.47015,6.707793772,0.150092131,0.180476153,0.771720249,-0.259133166,-0.112540104,-0.299934381,0.002811402,0.003782281
Palaquium hexandrum,26.1907,6879.9565,1708.5963,1236.9471,27.7328,144.2814,231.4828,1289.8877,51.08761906,6289.805864,1157.559312,7078.342782,27.78824595,69.97111397,447.2879678,1467.662155,50.57666667,0.993333333,50.91610738,50.1,1.443333333,34.7113164,71.63836176,451.7947589,115.4438,0.262577778,7.654542802,1.322448958,1.615733333,0.6523,0.793029172,0.558402969,0.404099291,0.929449966,0.597087928,0.167528732,0.791065959,0.645183752,0.722152776,27.11288515,19.87592346,9.32461509,7.701352726,3.680441679,1.476721869,74.05079255,25.54538127,7094.989295,2201.447636,8.207,3.699588716,1.726,0.848661692,70.971,11.14511996,15.14,2.35240775,0.102227427,-0.090494808,14.60908488,5.460753603,4.56689462,3.461521646,0.750537973,0.235775966,32.30908488,4.670909818,4641.724318,1670.78275,20.4451,6.693718306,5.1053,1.754818829,64.9602,8.229394305,29.6539,4.43233629,0.054394159,-0.015749883,0.469152781,-0.756826805,-0.328685705,-1.413981355,0.003226855,0.004291176
Pentace triptera,69.9765,9924.1452,1234.4589,6839.1795,92.0293,527.6807,174.9604,9663.6747,51.1272874,10692.43527,2293.530694,11538.18534,96.57003226,586.7165492,821.8203906,13673.4634,46.456,0.818,56.79217604,44.17666667,2.156666667,20.48377125,165.0069912,393.0185761,58.8212,0.145088889,13.85628498,1.867110409,0.356866667,0.6433,-1.467215202,-0.673108275,0.029758949,-0.068498849,-0.71787401,-0.621251679,0.616230534,-0.2740056,0.316280691,23.51500281,24.69531708,8.001235153,6.814036134,6.343236575,1.036545534,89.73679989,15.8391728,7208.93431,2556.70703,3.572,3.043918527,1.796,0.593224709,41.593,11.20198995,9.851,2.118623505,-0.041515508,-0.04620767,11.4688288,6.811504327,9.39549547,6.050838399,1.611639614,0.879479749,35.10615214,5.253321126,4199.344285,1529.835033,6.7832,2.226639012,4.2051,1.575639232,30.9775,4.434933026,15.8672,3.525116288,-0.211353278,0.057515323,0.47474628,-0.744974766,-0.32353843,-1.36639278,0.002624255,0.004675344
Pometia pinnata,52.9413,11339.357,1441.1962,1796.2406,111.2385,42.5918,176.516,5873.2395,57.89585367,10484.09177,1282.561001,3645.513097,89.27901682,18.70646904,711.3387994,2588.07624,48.09,0.718,66.97771588,49.53333333,1.49,33.24384787,102.046848,551.67745,33.65753333,0.185807176,11.0677901,0.96938044,0.373333333,0.231,0.434200771,0.330773967,0.304719114,0.695125531,0.229059365,-0.408800143,0.846459556,-0.404157607,0.701837248,35.8175877,18.94983476,17.8087661,12.0795758,5.326356074,2.965268161,59.78425436,17.4687981,4699.925582,2225.09721,3.091,1.203102009,0.837,0.404229033,34.132,5.427515904,11.513,4.39975517,-0.164308138,0.104877875,28.84695176,7.630178372,6.942933743,3.10713327,2.537875804,1.624055002,46.27076129,18.71329158,5006.07716,4112.819753,13.4639,2.802928685,3.6043,1.613499788,35.8053,9.680080016,17.5425,5.10909288,-0.197992931,-0.181966692,0.697737633,-0.359912131,-0.156307852,-0.446149817,0.002094642,0.00406762
Prunus polystachya,28.2246,11409.0379,1396.794,3785.9991,50.3317,335.224,237.6166,110.699,40.12716071,8992.755787,1479.333617,7568.634783,49.15210841,125.1667484,495.9503397,115.4471649,49.506,1.028,48.15758755,49.35333333,1.606666667,30.71784232,92.44968871,463.3801782,223.8742889,0.223925926,9.117308951,1.390661572,2.658744444,2.3033,0.390654965,-0.099082101,0.182024781,0.566651927,0.112898406,-1.320171276,0.584938456,0.169318884,0.44570464,32.95427075,20.56643235,10.43352797,7.547698667,3.641732455,1.763932956,79.21778734,30.87440907,6927.141538,3005.844423,10.746,2.918413572,3.927,2.022408081,72.238,32.93029399,25.468,7.193468951,0.169339455,-0.170049023,13.15658779,6.669674751,6.510754458,4.464966779,1.206823341,0.610691811,46.71908779,14.81465302,4724.589776,1174.733808,14.07407692,4.982431844,5.602461538,1.713810793,91.66184615,19.03306293,51.99476923,9.136237219,0.126616445,-0.120387081,0.707568717,-0.345920528,-0.150231376,-0.424526418,0.003239572,0.004326297
Shorea platycarpa,18.134,12158.6053,1494.7863,2088.8828,137.7751,39.2028,207.1295,197.6571,39.34113517,8865.843453,1353.1794,3354.986263,114.0510601,29.44068947,804.7243287,166.1866476,47.596,0.89,53.47865169,48.69666667,1.89,25.7654321,100.5133733,405.8543074,71.33613333,0.194111111,10.48944432,1.612554069,0.727211111,0.6257,0.603400307,-0.179965612,0.04954977,0.464290958,-0.039386466,-0.145710147,0.778537359,-0.023344692,0.5948332,24.88599837,21.73010947,10.60443949,5.319583478,4.45521213,1.334763105,51.0076467,23.46719285,4445.433585,2199.668584,3.332,2.393694495,1.35,0.552268051,52.841,9.162414104,11.882,2.403048064,-0.025778326,0.201269908,9.480284219,7.163766013,5.820869745,3.772644342,0.873059827,0.285458709,30.96215207,8.22333788,3544.668695,1151.964821,15.01070588,6.196227186,6.079235294,2.72129497,61.71329412,16.40132516,32.28305882,8.560154733,0.045183081,0.114448601,0.555758851,-0.5874208,-0.255113612,-0.885327091,0.00234863,0.004296829
Sterculia cordata,10.4526,5722.5843,523.0145,2920.4281,9.9142,192.7718,262.051,1699.3357,21.82134956,11247.83384,1392.817603,10929.88245,120.2630817,239.687816,936.3879904,1163.671727,46.075,1.0725,42.96037296,45.73666667,2.183333333,20.9480916,110.6561045,362.1357608,145.0640687,0.307436364,6.69110722,2.278544301,1.498037374,0.7016,0.775658481,0.761718547,0.824132166,0.874859479,0.961390669,0.623327013,0.868931926,0.316063738,0.769938373,33.12714091,18.03400978,12.90657899,7.514763554,4.392606441,2.413792829,52.77470206,16.29729076,4550.578841,2214.160248,4.13,3.141284238,1.032222222,0.527891508,31.967,10.21775584,11.41,4.037612056,-0.134744742,0.153391709,12.06796109,8.443184144,2.38937683,2.459131115,1.802669134,1.124889014,28.19653252,7.751559779,3438.306964,1215.418324,10.21618182,4.507849949,2.230818182,1.217525508,31.22518182,6.706855371,24.51472727,4.536784678,-0.113113792,0.228400822,1.099282085,0.094657317,0.041109151,0.090441362,0.002331655,0.004092715
Xanthophyllum flavescens,3024.4585,3422.5516,450.5338,3742.7109,122.6156,118.6474,432.7431,7733.9041,2695.522774,2876.792576,317.858353,10027.60157,71.63960276,17.16934139,824.7600528,1502.380872,45.304,1.518,29.84453228,46.24333333,2.786666667,16.59449761,114.3416008,378.8265234,75.4346,0.241016667,8.321468113,1.71221446,0.659,0.3962,0.325419659,0.284729174,0.14783674,0.775602368,-0.029014786,-3.154642373,0.684549231,-2.094908356,0.672496606,41.19371359,12.10410285,6.118667675,5.951167282,4.379989764,2.383718621,49.73180883,16.16169123,4735.849669,1818.018207,6.834,1.249801762,0.893333333,0.290344623,27.15,5.645149344,6.873,1.77757669,-0.163324086,0.169301425,21.76682981,13.6548557,2.619766651,2.205045873,2.10281235,1.781722723,37.91596166,9.779463664,5169.158461,1461.959019,16.5649,5.862864174,4.2764,0.981762836,38.7873,5.937284846,26.8785,5.747619203,-0.061087247,-0.08259511,0.495711664,-0.701760843,-0.304770862,-1.209859574,0.00337876,0.003507855
Xylopia malayana,39.8147,5394.8342,949.0575,4275.7258,55.0488,60.8362,116.303,6481.3753,62.55733097,8352.828398,1099.57242,6863.224365,155.0706238,66.16209185,511.8267595,4320.50181,50.062,0.834,60.0263789,48.16,1.596666667,30.16283925,93.08934647,434.7673704,22.1588,0.244688889,8.278135454,1.387106982,0.243933333,0.2981,0.22222127,0.210712239,-0.054774236,0.23867082,0.566180422,-0.123682654,0.72231095,-0.833258908,0.361673878,54.96973507,23.14141816,24.29306841,13.75515041,6.883290818,2.088994526,82.63306841,22.60700775,6921.989183,3309.769925,4.358,2.099316291,0.824285714,0.609203227,41.09,11.31199462,11.862,3.010650723,-0.155346519,-0.181808507,26.57597692,8.203387467,6.477102667,4.479815828,1.703314904,0.807728316,43.41931025,4.653924436,5695.77383,2315.879528,17.0938,2.994832468,4.8816,0.836847816,33.9079,6.896856151,22.5729,10.00761567,-0.144708889,-0.211966179,0.512104618,-0.669226343,-0.290641308,-1.106320954,0.003119545,0.007170924