species,trait_name,value
Alstonia pneumatophora,Al_sen,5.8182
Alstonia pneumatophora,Ca_sen,16201.707
Alstonia pneumatophora,Mg_sen,1821.6732
Alstonia pneumatophora,K_sen,2079.0372
Alstonia pneumatophora,Fe_sen,51.3961
Alstonia pneumatophora,Mn_sen,47.8254
Alstonia pneumatophora,P_sen,313.4534
Alstonia pneumatophora,C_sen,48.12
Alstonia pneumatophora,N_sen,0.81
Archidendron clypearia,Al_sen,57.7544
Archidendron clypearia,Ca_sen,4069.1543
Archidendron clypearia,Mg_sen,840.1926
Archidendron clypearia,K_sen,3178.3254
Archidendron clypearia,Fe_sen,99.3479
Archidendron clypearia,Mn_sen,116.7079
Archidendron clypearia,P_sen,160.8003
Archidendron clypearia,Al_fre,29.99097824
Archidendron clypearia,Ca_fre,2442.11595
Archidendron clypearia,Mg_fre,1066.914948
Archidendron clypearia,K_fre,6361.812204
Archidendron clypearia,Fe_fre,48.21708901
Archidendron clypearia,Mn_fre,52.05164308
Archidendron clypearia,P_fre,621.3658613
Archidendron clypearia,C_sen,51.29
Archidendron clypearia,N_sen,1.686666667
Archidendron clypearia,C_fre,49.57666667
Archidendron clypearia,N_fre,2.413333333
Archidendron clypearia,SLA,146.0125983
Archidendron clypearia,LDMC,429.5217284
Archidendron clypearia,LT,0.147066667
Archidendron clypearia,dpyr_fre,37.15018182
Archidendron clypearia,dsmo_fre,15.265
Artocarpus kemando,Al_sen,74.9787
Artocarpus kemando,Ca_sen,18005.1326
Artocarpus kemando,Mg_sen,1475.2861
Artocarpus kemando,K_sen,1951.474
Artocarpus kemando,Fe_sen,105.286
Artocarpus kemando,Mn_sen,42.5443
Artocarpus kemando,P_sen,132.5906
Artocarpus kemando,Al_fre,410.0781281
Artocarpus kemando,Ca_fre,5723.242749
Artocarpus kemando,Mg_fre,1261.044505
Artocarpus kemando,K_fre,11059.37462
Artocarpus kemando,Fe_fre,277.5298815
Artocarpus kemando,Mn_fre,18.90044495
Artocarpus kemando,P_fre,745.5617222
Artocarpus kemando,C_sen,43.7
Artocarpus kemando,N_sen,0.713333333
Artocarpus kemando,C_fre,46.17666667
Artocarpus kemando,N_fre,1.763333333
Artocarpus kemando,SLA,133.311704
Artocarpus kemando,LDMC,389.2754143
Artocarpus kemando,LT,0.2034
Artocarpus kemando,dpyr_fre,37.15233333
Artocarpus kemando,dsmo_fre,17.88291667
Bhesa paniculata,Al_sen,1968.3352
Bhesa paniculata,Ca_sen,18468.134
Bhesa paniculata,Mg_sen,1202.3545
Bhesa paniculata,K_sen,1612.4392
Bhesa paniculata,Fe_sen,62.7013
Bhesa paniculata,Mn_sen,117.0639
Bhesa paniculata,P_sen,375.7942
Bhesa paniculata,Al_fre,54.10218822
Bhesa paniculata,Ca_fre,11905.45682
Bhesa paniculata,Mg_fre,1215.987184
Bhesa paniculata,K_fre,7567.14868
Bhesa paniculata,Fe_fre,29.43932039
Bhesa paniculata,Mn_fre,27.41922032
Bhesa paniculata,P_fre,658.0364433
Bhesa paniculata,C_sen,45.16333333
Bhesa paniculata,N_sen,1.731666667
Bhesa paniculata,C_fre,43.80333333
Bhesa paniculata,N_fre,1.59
Bhesa paniculata,SLA,82.11198853
Bhesa paniculata,LDMC,363.2578955
Bhesa paniculata,LT,0.255366667
Bhesa paniculata,dpyr_fre,50.37861538
Bhesa paniculata,dsmo_fre,41.48392308
Calophyllum tetrapterum,Al_sen,53.5077
Calophyllum tetrapterum,Ca_sen,4278.3528
Calophyllum tetrapterum,Mg_sen,1022.8749
Calophyllum tetrapterum,K_sen,3656.8991
Calophyllum tetrapterum,Fe_sen,50.2627
Calophyllum tetrapterum,Mn_sen,40.4187
Calophyllum tetrapterum,P_sen,181.2045
Calophyllum tetrapterum,Al_fre,376.5733335
Calophyllum tetrapterum,Ca_fre,2829.383039
Calophyllum tetrapterum,Mg_fre,1230.605138
Calophyllum tetrapterum,K_fre,2460.335931
Calophyllum tetrapterum,Fe_fre,295.7624759
Calophyllum tetrapterum,Mn_fre,23.29136917
Calophyllum tetrapterum,P_fre,367.3079712
Calophyllum tetrapterum,C_sen,50.31
Calophyllum tetrapterum,N_sen,0.933333333
Calophyllum tetrapterum,C_fre,49.37
Calophyllum tetrapterum,N_fre,1.166666667
Calophyllum tetrapterum,SLA,110.0317918
Calophyllum tetrapterum,LDMC,471.5223332
Calophyllum tetrapterum,LT,0.189569697
Calophyllum tetrapterum,dpyr_fre,48.71733333
Calophyllum tetrapterum,dsmo_fre,23.74106667
Campnosperma auriculatum,Al_sen,37.9954
Campnosperma auriculatum,Ca_sen,10804.7103
Campnosperma auriculatum,Mg_sen,1492.3908
Campnosperma auriculatum,K_sen,1415.4231
Campnosperma auriculatum,Fe_sen,66.3558
Campnosperma auriculatum,Mn_sen,77.4375
Campnosperma auriculatum,P_sen,104.008
Campnosperma auriculatum,Al_fre,32.0872902
Campnosperma auriculatum,Ca_fre,7403.381384
Campnosperma auriculatum,Mg_fre,1098.560097
Campnosperma auriculatum,K_fre,5078.045443
Campnosperma auriculatum,Fe_fre,36.91609377
Campnosperma auriculatum,Mn_fre,46.48611674
Campnosperma auriculatum,P_fre,575.5357833
Campnosperma auriculatum,C_sen,46.98666667
Campnosperma auriculatum,N_sen,0.583333333
Campnosperma auriculatum,C_fre,47.90333333
Campnosperma auriculatum,N_fre,1.533333333
Campnosperma auriculatum,SLA,72.17887605
Campnosperma auriculatum,LDMC,384.1138613
Campnosperma auriculatum,LT,0.258207407
Campnosperma auriculatum,dpyr_fre,133.9418235
Campnosperma auriculatum,dsmo_fre,78.46141176
Campnosperma squamatum,Al_sen,69.4272
Campnosperma squamatum,Ca_sen,14581.6957
Campnosperma squamatum,Mg_sen,1549.952
Campnosperma squamatum,K_sen,1790.6405
Campnosperma squamatum,Fe_sen,69.2662
Campnosperma squamatum,Mn_sen,110.1712
Campnosperma squamatum,P_sen,115.9122
Campnosperma squamatum,Al_fre,46.66072195
Campnosperma squamatum,Ca_fre,7742.646356
Campnosperma squamatum,Mg_fre,1116.639728
Campnosperma squamatum,K_fre,6472.640603
Campnosperma squamatum,Fe_fre,63.88970822
Campnosperma squamatum,Mn_fre,25.80046276
Campnosperma squamatum,P_fre,544.5299478
Campnosperma squamatum,C_sen,46.336
Campnosperma squamatum,N_sen,0.562
Campnosperma squamatum,C_fre,46.17333333
Campnosperma squamatum,N_fre,1.383333333
Campnosperma squamatum,SLA,81.67214184
Campnosperma squamatum,LDMC,397.1042311
Campnosperma squamatum,LT,0.259622222
Campnosperma squamatum,dpyr_fre,73.823
Campnosperma squamatum,dsmo_fre,38.8634
Diospyros maingayi,Al_sen,1.6021
Diospyros maingayi,Ca_sen,7528.6799
Diospyros maingayi,Mg_sen,1136.6674
Diospyros maingayi,K_sen,3444.9915
Diospyros maingayi,Fe_sen,27.8259
Diospyros maingayi,Mn_sen,237.7095
Diospyros maingayi,P_sen,117.566
Diospyros maingayi,Al_fre,2.195803951
Diospyros maingayi,Ca_fre,2044.998614
Diospyros maingayi,Mg_fre,1499.450205
Diospyros maingayi,K_fre,3505.144943
Diospyros maingayi,Fe_fre,18.60538656
Diospyros maingayi,Mn_fre,28.31666518
Diospyros maingayi,P_fre,485.8163432
Diospyros maingayi,C_sen,50.848
Diospyros maingayi,N_sen,0.66
Diospyros maingayi,C_fre,51.06333333
Diospyros maingayi,N_fre,1.193333333
Diospyros maingayi,SLA,54.65320894
Diospyros maingayi,LDMC,463.4019973
Diospyros maingayi,LT,0.340266667
Diospyros maingayi,dpyr_fre,81.76513333
Diospyros maingayi,dsmo_fre,42.22866667
Gironniera nervosa,Al_sen,99.1534
Gironniera nervosa,Ca_sen,6337.9959
Gironniera nervosa,Mg_sen,876.6279
Gironniera nervosa,K_sen,770.7902
Gironniera nervosa,Fe_sen,173.6354
Gironniera nervosa,Mn_sen,73.1417
Gironniera nervosa,P_sen,240.5533
Gironniera nervosa,Al_fre,91.01529654
Gironniera nervosa,Ca_fre,5150.122518
Gironniera nervosa,Mg_fre,1119.41464
Gironniera nervosa,K_fre,3242.170298
Gironniera nervosa,Fe_fre,115.6098415
Gironniera nervosa,Mn_fre,43.34866267
Gironniera nervosa,P_fre,575.3162065
Gironniera nervosa,C_sen,40.126
Gironniera nervosa,N_sen,1.662
Gironniera nervosa,C_fre,43.20333333
Gironniera nervosa,N_fre,2.393333333
Gironniera nervosa,SLA,137.027919
Gironniera nervosa,LDMC,427.6650053
Gironniera nervosa,LT,0.240161111
Gironniera nervosa,dpyr_fre,32.6698
Gironniera nervosa,dsmo_fre,12.3775
Gluta wallichii,Al_sen,7.2715
Gluta wallichii,Ca_sen,14958.3965
Gluta wallichii,Mg_sen,1646.4306
Gluta wallichii,K_sen,1392.3855
Gluta wallichii,Fe_sen,53.2607
Gluta wallichii,Mn_sen,39.5807
Gluta wallichii,P_sen,104.3644
Gluta wallichii,Al_fre,36.80257201
Gluta wallichii,Ca_fre,7667.192307
Gluta wallichii,Mg_fre,1180.903522
Gluta wallichii,K_fre,4838.987824
Gluta wallichii,Fe_fre,36.56610448
Gluta wallichii,Mn_fre,12.76075189
Gluta wallichii,P_fre,503.7344421
Gluta wallichii,C_sen,44.6675
Gluta wallichii,N_sen,0.6425
Gluta wallichii,C_fre,45.72666667
Gluta wallichii,N_fre,1.54
Gluta wallichii,SLA,97.61204165
Gluta wallichii,LDMC,390.4244529
Gluta wallichii,LT,0.228045833
Gluta wallichii,dpyr_fre,66.8208
Gluta wallichii,dsmo_fre,36.9242
Horsfieldia crassifolia,Al_sen,3.6749
Horsfieldia crassifolia,Ca_sen,10324.924
Horsfieldia crassifolia,Mg_sen,661.5669
Horsfieldia crassifolia,K_sen,3916.1663
Horsfieldia crassifolia,Fe_sen,5.8079
Horsfieldia crassifolia,Mn_sen,390.5317
Horsfieldia crassifolia,P_sen,248.1185
Horsfieldia crassifolia,Al_fre,45.2498605
Horsfieldia crassifolia,Ca_fre,14795.36257
Horsfieldia crassifolia,Mg_fre,1972.660538
Horsfieldia crassifolia,K_fre,4384.406781
Horsfieldia crassifolia,Fe_fre,111.6010159
Horsfieldia crassifolia,Mn_fre,196.9676461
Horsfieldia crassifolia,P_fre,549.9380994
Horsfieldia crassifolia,C_sen,47.75
Horsfieldia crassifolia,N_sen,0.65
Horsfieldia crassifolia,C_fre,47.83333333
Horsfieldia crassifolia,N_fre,1.336666667
Horsfieldia crassifolia,SLA,56.89405361
Horsfieldia crassifolia,LDMC,350.6168794
Horsfieldia crassifolia,LT,0.457444444
Horsfieldia crassifolia,dpyr_fre,124.9380667
Horsfieldia crassifolia,dsmo_fre,63.32866667
Lithocarpus ewyckii,Al_sen,1031.02
Lithocarpus ewyckii,Ca_sen,3708.7035
Lithocarpus ewyckii,Mg_sen,438.4304
Lithocarpus ewyckii,K_sen,1450.3402
Lithocarpus ewyckii,Fe_sen,86.2632
Lithocarpus ewyckii,Mn_sen,114.3781
Lithocarpus ewyckii,P_sen,218.0168
Lithocarpus ewyckii,Al_fre,1496.839709
Lithocarpus ewyckii,Ca_fre,4690.98199
Lithocarpus ewyckii,Mg_fre,855.0449741
Lithocarpus ewyckii,K_fre,5062.304165
Lithocarpus ewyckii,Fe_fre,137.3649352
Lithocarpus ewyckii,Mn_fre,143.0066137
Lithocarpus ewyckii,P_fre,598.8529568
Lithocarpus ewyckii,C_sen,51.056
Lithocarpus ewyckii,N_sen,1.33
Lithocarpus ewyckii,C_fre,49.17666667
Lithocarpus ewyckii,N_fre,1.73
Lithocarpus ewyckii,SLA,121.5880665
Lithocarpus ewyckii,LDMC,483.6411606
Lithocarpus ewyckii,LT,0.168844444
Lithocarpus ewyckii,dpyr_fre,40.74336364
Lithocarpus ewyckii,dsmo_fre,24.31863636
Lophopetalum multinervium,Al_sen,1.6402
Lophopetalum multinervium,Ca_sen,9361.973
Lophopetalum multinervium,Mg_sen,1058.6351
Lophopetalum multinervium,K_sen,2692.9002
Lophopetalum multinervium,Fe_sen,28.6617
Lophopetalum multinervium,Mn_sen,92.1959
Lophopetalum multinervium,P_sen,299.2444
Lophopetalum multinervium,Al_fre,5.161807372
Lophopetalum multinervium,Ca_fre,10546.95551
Lophopetalum multinervium,Mg_fre,1224.487419
Lophopetalum multinervium,K_fre,5326.645166
Lophopetalum multinervium,Fe_fre,31.28971204
Lophopetalum multinervium,Mn_fre,28.79425972
Lophopetalum multinervium,P_fre,681.3675374
Lophopetalum multinervium,C_sen,48.526
Lophopetalum multinervium,N_sen,0.962
Lophopetalum multinervium,C_fre,46.90333333
Lophopetalum multinervium,N_fre,1.726666667
Lophopetalum multinervium,SLA,82.21149464
Lophopetalum multinervium,LDMC,350.095642
Lophopetalum multinervium,LT,0.274666667
Lophopetalum multinervium,dpyr_fre,80.22166667
Lophopetalum multinervium,dsmo_fre,51.25246667
Mussaendopsis beccariana,Al_sen,26.4805
Mussaendopsis beccariana,Ca_sen,6981.7206
Mussaendopsis beccariana,Mg_sen,1229.6769
Mussaendopsis beccariana,K_sen,6549.0922
Mussaendopsis beccariana,Fe_sen,77.9564
Mussaendopsis beccariana,Mn_sen,23.4544
Mussaendopsis beccariana,P_sen,184.1922
Mussaendopsis beccariana,Al_fre,49.94728151
Mussaendopsis beccariana,Ca_fre,5136.977445
Mussaendopsis beccariana,Mg_fre,1402.507065
Mussaendopsis beccariana,K_fre,12436.96257
Mussaendopsis beccariana,Fe_fre,53.96512994
Mussaendopsis beccariana,Mn_fre,9.850807813
Mussaendopsis beccariana,P_fre,363.9939769
Mussaendopsis beccariana,C_sen,47.60666667
Mussaendopsis beccariana,N_sen,0.696666667
Mussaendopsis beccariana,C_fre,47.95333333
Mussaendopsis beccariana,N_fre,1.023333333
Mussaendopsis beccariana,SLA,61.02002018
Mussaendopsis beccariana,LDMC,413.5332556
Mussaendopsis beccariana,LT,0.3
Mussaendopsis beccariana,dpyr_fre,77.5765
Mussaendopsis beccariana,dsmo_fre,42.47015
Palaquium hexandrum,Al_sen,26.1907
Palaquium hexandrum,Ca_sen,6879.9565
Palaquium hexandrum,Mg_sen,1708.5963
Palaquium hexandrum,K_sen,1236.9471
Palaquium hexandrum,Fe_sen,27.7328
Palaquium hexandrum,Mn_sen,144.2814
Palaquium hexandrum,P_sen,231.4828
Palaquium hexandrum,Al_fre,51.08761906
Palaquium hexandrum,Ca_fre,6289.805864
Palaquium hexandrum,Mg_fre,1157.559312
Palaquium hexandrum,K_fre,7078.342782
Palaquium hexandrum,Fe_fre,27.78824595
Palaquium hexandrum,Mn_fre,69.97111397
Palaquium hexandrum,P_fre,447.2879678
Palaquium hexandrum,C_sen,50.57666667
Palaquium hexandrum,N_sen,0.993333333
Palaquium hexandrum,C_fre,50.1
Palaquium hexandrum,N_fre,1.443333333
Palaquium hexandrum,SLA,71.63836176
Palaquium hexandrum,LDMC,451.7947589
Palaquium hexandrum,LT,0.262577778
Palaquium hexandrum,dpyr_fre,64.9602
Palaquium hexandrum,dsmo_fre,29.6539
Pentace triptera,Al_sen,69.9765
Pentace triptera,Ca_sen,9924.1452
Pentace triptera,Mg_sen,1234.4589
Pentace triptera,K_sen,6839.1795
Pentace triptera,Fe_sen,92.0293
Pentace triptera,Mn_sen,527.6807
Pentace triptera,P_sen,174.9604
Pentace triptera,Al_fre,51.1272874
Pentace triptera,Ca_fre,10692.43527
Pentace triptera,Mg_fre,2293.530694
Pentace triptera,K_fre,11538.18534
Pentace triptera,Fe_fre,96.57003226
Pentace triptera,Mn_fre,586.7165492
Pentace triptera,P_fre,821.8203906
Pentace triptera,C_sen,46.456
Pentace triptera,N_sen,0.818
Pentace triptera,C_fre,44.17666667
Pentace triptera,N_fre,2.156666667
Pentace triptera,SLA,165.0069912
Pentace triptera,LDMC,393.0185761
Pentace triptera,LT,0.145088889
Pentace triptera,dpyr_fre,30.9775
Pentace triptera,dsmo_fre,15.8672
Pometia pinnata,Al_sen,52.9413
Pometia pinnata,Ca_sen,11339.357
Pometia pinnata,Mg_sen,1441.1962
Pometia pinnata,K_sen,1796.2406
Pometia pinnata,Fe_sen,111.2385
Pometia pinnata,Mn_sen,42.5918
Pometia pinnata,P_sen,176.516
Pometia pinnata,Al_fre,57.89585367
Pometia pinnata,Ca_fre,10484.091770000001
Pometia pinnata,Mg_fre,1282.561001
Pometia pinnata,K_fre,3645.513097
Pometia pinnata,Fe_fre,89.27901682
Pometia pinnata,Mn_fre,18.706469040000002
Pometia pinnata,P_fre,711.3387994
Pometia pinnata,C_sen,48.09
Pometia pinnata,N_sen,0.718
Pometia pinnata,C_fre,49.53333333
Pometia pinnata,N_fre,1.49
Pometia pinnata,SLA,102.046848
Pometia pinnata,LDMC,551.67745
Pometia pinnata,LT,0.185807176
Pometia pinnata,dpyr_fre,35.8053
Pometia pinnata,dsmo_fre,17.5425
Prunus polystachya,Al_sen,28.2246
Prunus polystachya,Ca_sen,11409.0379
Prunus polystachya,Mg_sen,1396.794
Prunus polystachya,K_sen,3785.9991
Prunus polystachya,Fe_sen,50.3317
Prunus polystachya,Mn_sen,335.224
Prunus polystachya,P_sen,237.6166
Prunus polystachya,Al_fre,40.12716071
Prunus polystachya,Ca_fre,8992.755787
Prunus polystachya,Mg_fre,1479.333617
Prunus polystachya,K_fre,7568.634783
Prunus polystachya,Fe_fre,49.15210841
Prunus polystachya,Mn_fre,125.1667484
Prunus polystachya,P_fre,495.9503397
Prunus polystachya,C_sen,49.506
Prunus polystachya,N_sen,1.028
Prunus polystachya,C_fre,49.35333333
Prunus polystachya,N_fre,1.606666667
Prunus polystachya,SLA,92.44968871
Prunus polystachya,LDMC,463.3801782
Prunus polystachya,LT,0.223925926
Prunus polystachya,dpyr_fre,91.66184615
Prunus polystachya,dsmo_fre,51.99476923
Shorea platycarpa,Al_sen,18.134
Shorea platycarpa,Ca_sen,12158.6053
Shorea platycarpa,Mg_sen,1494.7863
Shorea platycarpa,K_sen,2088.8828
Shorea platycarpa,Fe_sen,137.7751
Shorea platycarpa,Mn_sen,39.2028
Shorea platycarpa,P_sen,207.1295
Shorea platycarpa,Al_fre,39.34113517
Shorea platycarpa,Ca_fre,8865.843453
Shorea platycarpa,Mg_fre,1353.1794
Shorea platycarpa,K_fre,3354.986263
Shorea platycarpa,Fe_fre,114.0510601
Shorea platycarpa,Mn_fre,29.44068947
Shorea platycarpa,P_fre,804.7243287
Shorea platycarpa,C_sen,47.596
Shorea platycarpa,N_sen,0.89
Shorea platycarpa,C_fre,48.69666667
Shorea platycarpa,N_fre,1.89
Shorea platycarpa,SLA,100.5133733
Shorea platycarpa,LDMC,405.8543074
Shorea platycarpa,LT,0.194111111
Shorea platycarpa,dpyr_fre,61.71329412
Shorea platycarpa,dsmo_fre,32.28305882
Sterculia cordata,Al_sen,10.4526
Sterculia cordata,Ca_sen,5722.5843
Sterculia cordata,Mg_sen,523.0145
Sterculia cordata,K_sen,2920.4281
Sterculia cordata,Fe_sen,9.9142
Sterculia cordata,Mn_sen,192.7718
Sterculia cordata,P_sen,262.051
Sterculia cordata,Al_fre,21.82134956
Sterculia cordata,Ca_fre,11247.83384
Sterculia cordata,Mg_fre,1392.817603
Sterculia cordata,K_fre,10929.88245
Sterculia cordata,Fe_fre,120.2630817
Sterculia cordata,Mn_fre,239.687816
Sterculia cordata,P_fre,936.3879904
Sterculia cordata,C_sen,46.075
Sterculia cordata,N_sen,1.0725
Sterculia cordata,C_fre,45.73666667
Sterculia cordata,N_fre,2.183333333
Sterculia cordata,SLA,110.6561045
Sterculia cordata,LDMC,362.1357608
Sterculia cordata,LT,0.307436364
Sterculia cordata,dpyr_fre,31.22518182
Sterculia cordata,dsmo_fre,24.51472727
Xanthophyllum flavescens,Al_sen,3024.4585
Xanthophyllum flavescens,Ca_sen,3422.5516
Xanthophyllum flavescens,Mg_sen,450.5338
Xanthophyllum flavescens,K_sen,3742.7109
Xanthophyllum flavescens,Fe_sen,122.6156
Xanthophyllum flavescens,Mn_sen,118.6474
Xanthophyllum flavescens,P_sen,432.7431
Xanthophyllum flavescens,Al_fre,2695.522774
Xanthophyllum flavescens,Ca_fre,2876.792576
Xanthophyllum flavescens,Mg_fre,317.858353
Xanthophyllum flavescens,K_fre,10027.60157
Xanthophyllum flavescens,Fe_fre,71.63960276
Xanthophyllum flavescens,Mn_fre,17.16934139
Xanthophyllum flavescens,P_fre,824.7600528
Xanthophyllum flavescens,C_sen,45.304
Xanthophyllum flavescens,N_sen,1.518
Xanthophyllum flavescens,C_fre,46.24333333
Xanthophyllum flavescens,N_fre,2.786666667
Xanthophyllum flavescens,SLA,114.3416008
Xanthophyllum flavescens,LDMC,378.8265234
Xanthophyllum flavescens,LT,0.241016667
Xanthophyllum flavescens,dpyr_fre,38.7873
Xanthophyllum flavescens,dsmo_fre,26.8785
Xylopia malayana,Al_sen,39.8147
Xylopia malayana,Ca_sen,5394.8342
Xylopia malayana,Mg_sen,949.0575
Xylopia malayana,K_sen,4275.7258
Xylopia malayana,Fe_sen,55.0488
Xylopia malayana,Mn_sen,60.8362
Xylopia malayana,P_sen,116.303
Xylopia malayana,Al_fre,62.55733097
Xylopia malayana,Ca_fre,8352.828398
Xylopia malayana,Mg_fre,1099.57242
Xylopia malayana,K_fre,6863.224365
Xylopia malayana,Fe_fre,155.0706238
Xylopia malayana,Mn_fre,66.16209185
Xylopia malayana,P_fre,511.8267595
Xylopia malayana,C_sen,50.062
Xylopia malayana,N_sen,0.834
Xylopia malayana,C_fre,48.16
Xylopia malayana,N_fre,1.596666667
Xylopia malayana,SLA,93.08934647
Xylopia malayana,LDMC,434.7673704
Xylopia malayana,LT,0.244688889
Xylopia malayana,dpyr_fre,33.9079
Xylopia malayana,dsmo_fre,22.5729
